security_id,symbol,name,isin,snapshot_status,profile_code,subprofile_code,frozen_quantity,frozen_price,frozen_value_exact,frozen_value_paise,price_provider,price_timestamp,price_retrieved_at,snapshot_id,snapshot_hash,selection_id,selection_run_id,selected_at,assignment_authority,assignment_version
00e60a7c-0bb1-4c04-8eea-e5e0fc039bdb,DMART,DMART,INE192R01011,REVIEW_REQUIRED,RETAIL_COMMERCE,,2,3601.800000000000000000,7203.600000000000000000,720360,ANGEL_ONE,2026-10-05 13:57:07+00,2026-10-05 08:27:13+00,c905dfce-8fdf-456c-a17c-803c12490734,6d82feee83a210328b5490f1418a3b2e9e03427fdcf5a09b8ea53b8a64b87b0f,79b7a9b9-8336-4cdb-b107-39b84f61a973,3c3c0000-0000-4000-8000-000000000001,2026-09-30 02:32:26.042929+00,PORTFOLIOAI_P7_IC1_PORTFOLIO_METHODOLOGY_COVERAGE_V1,e7c021b865fcd1d49a7c59924ef9c44f0383f301
01922190-3635-4057-b6b6-36bab37637cb,DEEPINDS,DEEPINDS,INE0FHS01024,REVIEW_REQUIRED,OIL_OPERATIONS,,18,746.300000000000000000,13433.400000000000000000,1343340,ANGEL_ONE,2026-10-05 13:56:58+00,2026-10-05 08:27:13+00,d901439b-a7d6-422c-8f33-e9052af73c29,d3658cf2fc588a648a63ee3143bf42f7356afcdd4b09c978726a0453c4017684,80e73cf6-e112-4983-ba4f-2db0a3e83340,3c3c0000-0000-4000-8000-000000000001,2026-09-30 02:32:24.934414+00,PORTFOLIOAI_P7_IC1_PORTFOLIO_METHODOLOGY_COVERAGE_V1,e7c021b865fcd1d49a7c59924ef9c44f0383f301
04dd96b3-6772-4871-b52d-60c4a162efe8,RELIANCE,RELIANCE,INE002A01018,REVIEW_REQUIRED,INTEGRATED_REFINING_PETCHEM,,13,1187.700000000000000000,15440.100000000000000000,1544010,ANGEL_ONE,2026-10-05 13:57:11+00,2026-10-05 08:27:16.457+00,d6a11645-87e4-4a2e-a949-3560d8047a60,9c47d9b79414ca69c18a9b426d0d28ff257264d64a229b7224c2068f242832d9,292184ef-b933-4104-8a67-aa74a041ae32,3c3c0000-0000-4000-8000-000000000001,2026-09-30 02:33:11.145302+00,PORTFOLIOAI_P7_IC1_PORTFOLIO_METHODOLOGY_COVERAGE_V1,e7c021b865fcd1d49a7c59924ef9c44f0383f301
05744a34-415b-4084-b832-ce3436ba0694,KOTAKBANK,KOTAKBANK,INE237A01036,REVIEW_REQUIRED,BANK,,30,418.050000000000000000,12541.500000000000000000,1254150,ANGEL_ONE,2026-10-05 13:57:13+00,2026-10-05 08:27:15.298+00,35446d2d-5c76-4201-bc36-3d4a16583566,7d8dfceffd5d53b877b7fad6be641ce90b3073dae6d8027a48ec05f9d4abc330,33f24753-7fd6-4dbb-aa87-f0e4f92945ce,3c3c0000-0000-4000-8000-000000000001,2026-09-30 02:32:52.011711+00,PORTFOLIOAI_P7_IC1_PORTFOLIO_METHODOLOGY_COVERAGE_V1,e7c021b865fcd1d49a7c59924ef9c44f0383f301
062e06db-2e81-4698-86f0-aa6b90f83853,BLUESTARCO,BLUESTARCO,INE472A01039,REVIEW_REQUIRED,CONSUMER_DURABLES,,3,1507.100000000000000000,4521.300000000000000000,452130,ANGEL_ONE,2026-10-05 13:57:00+00,2026-10-05 08:27:13+00,5979d92d-cd96-4429-ab65-08724ed3aedb,761b09f315b5b12f22c4df0b2bbd99d517a2bbb5d2f1f01b1ca057daa085ca9a,fc3abfa8-a137-48ca-9b6b-46e818a87206,3c3c0000-0000-4000-8000-000000000001,2026-09-30 02:32:07.284942+00,PORTFOLIOAI_P7_IC1_PORTFOLIO_METHODOLOGY_COVERAGE_V1,e7c021b865fcd1d49a7c59924ef9c44f0383f301
0758f9b1-e2ef-4d20-8a54-f9bbb4826a90,PAYTM,PAYTM,INE982J01020,REVIEW_REQUIRED,FINTECH_PLATFORM,,9,1683.200000000000000000,15148.800000000000000000,1514880,ANGEL_ONE,2026-10-05 13:57:11+00,2026-10-05 08:27:16.457+00,e946b9e8-ca8c-4ddb-80fb-5a06b01b3c04,e56f51acc1ed359632e8b93b67e6d21609fe18e18b4304d51fd70dca53b5224b,c037aef5-25fd-4ca9-add2-d461660d8399,3c3c0000-0000-4000-8000-000000000001,2026-09-30 02:33:02.530709+00,PORTFOLIOAI_P7_IC1_PORTFOLIO_METHODOLOGY_COVERAGE_V1,e7c021b865fcd1d49a7c59924ef9c44f0383f301
08939466-a3bb-4a59-8605-8917d6a547de,JYOTHYLAB,JYOTHYLAB,INE668F01031,REVIEW_REQUIRED,BRANDED_CONSUMER_FMCG,,5,181.200000000000000000,906.000000000000000000,90600,ANGEL_ONE,2026-10-05 13:57:05+00,2026-10-05 08:27:15.298+00,475a89c2-e759-4bd6-8b3d-fd7d8441e05d,4e0841100f2a6f7e535a9203d55d4ae754c4ad19d3418c55b9c82eef9464588b,f5f0e11b-e6d8-4254-931d-e7671dfbb6d4,3c3c0000-0000-4000-8000-000000000001,2026-09-30 02:32:51.201828+00,PORTFOLIOAI_P7_IC1_PORTFOLIO_METHODOLOGY_COVERAGE_V1,e7c021b865fcd1d49a7c59924ef9c44f0383f301
0a8c43be-cc13-4376-8e87-7af1ac9c0e76,SYRMA,SYRMA,INE0DYJ01015,REVIEW_REQUIRED,CAPITAL_EQUIPMENT_ELECTRICAL,,13,1698.700000000000000000,22083.100000000000000000,2208310,ANGEL_ONE,2026-10-05 13:57:11+00,2026-10-05 08:27:17.615+00,eb6b4739-1e58-45fe-b9ee-1e3996347f7c,7a5a5c25892766c957e91a45bb89405223478b1fe4e2f5e7a7996e391e903797,e5eab823-d4b5-44b6-8f6e-f8535ace95ab,3c3c0000-0000-4000-8000-000000000001,2026-09-30 02:33:15.743136+00,PORTFOLIOAI_P7_IC1_PORTFOLIO_METHODOLOGY_COVERAGE_V1,e7c021b865fcd1d49a7c59924ef9c44f0383f301
0c94c922-356c-41e0-b503-3de0e315eb23,IKS,IKS,INE115Q01022,REVIEW_REQUIRED,IT_BPM_SERVICES,,4,1773.800000000000000000,7095.200000000000000000,709520,ANGEL_ONE,2026-10-05 13:56:50+00,2026-10-05 08:27:14.151+00,bc002ae2-4963-407f-a585-9c9717d1add9,ab4e25f44067eefaa1e14557e9b89a1366a112815731e35d606450612af687e2,75ee5c5d-c149-4868-b94f-76ca27ae881c,3c3c0000-0000-4000-8000-000000000001,2026-09-30 02:32:47.231165+00,PORTFOLIOAI_P7_IC1_PORTFOLIO_METHODOLOGY_COVERAGE_V1,e7c021b865fcd1d49a7c59924ef9c44f0383f301
0d324841-f9bf-45b8-a772-0793e19526eb,NETWEB,NETWEB,INE0NT901020,REVIEW_REQUIRED,IT_SERVICES,,3,4761.900000000000000000,14285.700000000000000000,1428570,ANGEL_ONE,2026-10-05 13:57:13+00,2026-10-05 08:27:15.298+00,f59ccd25-f1a6-4ad4-8ee7-a528bb8a0c93,462043fcbe90724e2839e7a8f29409c0dc40772eedaff814901d2e99e9cc4c20,f24b87b0-50e6-4e6a-8181-22e252c1ab6b,3c3c0000-0000-4000-8000-000000000001,2026-09-30 02:33:01.114675+00,PORTFOLIOAI_P7_IC1_PORTFOLIO_METHODOLOGY_COVERAGE_V1,e7c021b865fcd1d49a7c59924ef9c44f0383f301
13582fb2-7c6c-4fcd-a2cd-253c86a79efb,JINDALSTEL,JINDALSTEL,INE749A01030,REVIEW_REQUIRED,STEEL_FERROUS,,12,1095.500000000000000000,13146.000000000000000000,1314600,ANGEL_ONE,2026-10-05 13:57:08+00,2026-10-05 08:27:14.151+00,887b4116-ddb0-402a-bfc7-9548f5bd0c89,f99fc4d0366eba461375b6b17a56100225364eea61d4f6eac66bb7a0f6cdfc14,2d2dd95d-727b-4b12-a211-e97283f1ec40,3c3c0000-0000-4000-8000-000000000001,2026-09-30 02:32:49.694009+00,PORTFOLIOAI_P7_IC1_PORTFOLIO_METHODOLOGY_COVERAGE_V1,e7c021b865fcd1d49a7c59924ef9c44f0383f301
142f3023-ca8d-4f46-a42d-ba0d06c7a4c7,DEEPAKFERT,DEEPAKFERT,INE501A01019,REVIEW_REQUIRED,COMMODITY_PROCESS_CHEMICALS,,17,1301.700000000000000000,22128.900000000000000000,2212890,ANGEL_ONE,2026-10-05 13:56:33+00,2026-10-05 08:27:13+00,b542321c-002f-4350-bf94-d2d609587c85,ff56af52395108191d10b3d8053c3b8b8f13079e2479216b3a4c96ab05ae30c0,de9f4b69-524d-4eaa-b3a7-4dd7b49c4ddd,3c3c0000-0000-4000-8000-000000000001,2026-09-30 02:32:24.656363+00,PORTFOLIOAI_P7_IC1_PORTFOLIO_METHODOLOGY_COVERAGE_V1,e7c021b865fcd1d49a7c59924ef9c44f0383f301
1b95d282-328b-408c-8fed-6b52b7544b05,WAAREEENER,WAAREEENER,INE377N01017,REVIEW_REQUIRED,CAPITAL_EQUIPMENT_ELECTRICAL,,2,2346.400000000000000000,4692.800000000000000000,469280,ANGEL_ONE,2026-10-05 13:57:15+00,2026-10-05 08:27:17.615+00,ccf0122e-f2e7-474a-833a-5e90ca8b5140,0a3548bf5bc144c866ea5b8954d64e822b49daf8e96764b99e3eed3056cb126d,589f698a-3175-43f9-ade3-ce01b9bb98b5,3c3c0000-0000-4000-8000-000000000001,2026-09-30 02:33:19.949223+00,PORTFOLIOAI_P7_IC1_PORTFOLIO_METHODOLOGY_COVERAGE_V1,e7c021b865fcd1d49a7c59924ef9c44f0383f301
1c038626-26ac-4632-a446-4de7f0fc3245,INDUSTOWER,INDUSTOWER,INE121J01017,REVIEW_REQUIRED,TELECOM_INFRA,,12,379.000000000000000000,4548.000000000000000000,454800,ANGEL_ONE,2026-10-05 13:57:09+00,2026-10-05 08:27:14.151+00,103d6a50-f942-44d6-bbb4-8740f68a30d6,4b43db2380e4f812eb16fea4b204d9166082d2f2bc70c2237f6dbc9b13e22a28,ad5bd35c-c4ca-428f-8699-d1d138842843,3c3c0000-0000-4000-8000-000000000001,2026-09-30 02:32:47.838849+00,PORTFOLIOAI_P7_IC1_PORTFOLIO_METHODOLOGY_COVERAGE_V1,e7c021b865fcd1d49a7c59924ef9c44f0383f301
1c205f01-6864-4628-8613-8580e5211fb9,COROMANDEL,COROMANDEL,INE169A01031,REVIEW_REQUIRED,AGRO_FERTILISER,,3,1797.200000000000000000,5391.600000000000000000,539160,ANGEL_ONE,2026-10-05 13:57:04+00,2026-10-05 08:27:13+00,29d80896-b557-4ef8-8609-5d32ed14dc6d,fcb936bb150e38f4caee90d26804ac7c8d6abc4fc4e4d100f6b712efc321efb5,6d288d35-e1ff-44e0-acb5-b23169da0a70,3c3c0000-0000-4000-8000-000000000001,2026-09-30 02:32:10.298643+00,PORTFOLIOAI_P7_IC1_PORTFOLIO_METHODOLOGY_COVERAGE_V1,e7c021b865fcd1d49a7c59924ef9c44f0383f301
25ae050e-8ce0-4c17-9dfc-56fb8202e7b0,BIKAJI,BIKAJI,INE00E101023,REVIEW_REQUIRED,BRANDED_CONSUMER_FMCG,,5,489.200000000000000000,2446.000000000000000000,244600,ANGEL_ONE,2026-10-05 13:56:58+00,2026-10-05 08:27:13+00,46bd9ee6-776c-4b5b-8c0b-c78df82fd0b5,d43f071dc50d84316ab478f2691e96c0033aeb222f743ce65db1a99dd7ca4114,8594269f-6c51-4bf5-a1c5-c35c19932188,3c3c0000-0000-4000-8000-000000000001,2026-09-30 02:32:06.352554+00,PORTFOLIOAI_P7_IC1_PORTFOLIO_METHODOLOGY_COVERAGE_V1,e7c021b865fcd1d49a7c59924ef9c44f0383f301
26f75601-2e62-4272-8c49-f1475bb15dae,WABAG,WABAG,INE956G01038,STALE,ENVIRONMENTAL_SERVICES,,27,1990.000000000000000000,53730.000000000000000000,5373000,ANGEL_ONE,2026-10-05 13:57:06+00,2026-10-05 08:27:17.615+00,3386d690-1444-4f5b-9776-63fc50ed4c16,186aebfa46675fdb72fda1c370c6fc39d5dfe4da4a0e9d4a9794fecf93e5afe0,64d4a082-25b0-4c13-8e8d-c7a07f0c8a11,3c3c0000-0000-4000-8000-000000000001,2026-09-30 02:33:20.135141+00,PORTFOLIOAI_P7_IC1_PORTFOLIO_METHODOLOGY_COVERAGE_V1,e7c021b865fcd1d49a7c59924ef9c44f0383f301
28c1c81b-f581-4a52-b303-34ad4030275c,MANKIND,MANKIND,INE634S01028,REVIEW_REQUIRED,PHARMA,DOMESTIC_FORMULATIONS,8,2481.400000000000000000,19851.200000000000000000,1985120,ANGEL_ONE,2026-10-05 13:57:10+00,2026-10-05 08:27:15.298+00,f367e996-bef9-4ef1-9cf3-7e7283392dad,772194e33da653d654482accdffcaf9c86b7cb85b549c57df24bd472d03ecf53,75ed587f-ffee-4aa2-96c7-a82d72edb112,3c3c0000-0000-4000-8000-000000000001,2026-09-30 02:32:58.784641+00,PORTFOLIOAI_P7_IC1_PORTFOLIO_METHODOLOGY_COVERAGE_V1,e7c021b865fcd1d49a7c59924ef9c44f0383f301
2a875b8b-3cd6-4f1f-90e0-cc32ab0fec90,KPITTECH,KPITTECH,INE04I401011,REVIEW_REQUIRED,IT_SERVICES,,3,494.000000000000000000,1482.000000000000000000,148200,ANGEL_ONE,2026-10-05 13:57:09+00,2026-10-05 08:27:15.298+00,2660c81c-27e7-4372-b226-5f49a00eed3b,0ec3ac3705a566113753197da9ca06474fc1c0a1066bb4f1be27f4ba5be93a80,8c914f5d-f249-419a-b281-5177d6f48fd4,3c3c0000-0000-4000-8000-000000000001,2026-09-30 02:32:56.850393+00,PORTFOLIOAI_P7_IC1_PORTFOLIO_METHODOLOGY_COVERAGE_V1,e7c021b865fcd1d49a7c59924ef9c44f0383f301
2eda5141-166f-48e3-9f0e-625814ab7019,HUDCO,HUDCO,INE031A01017,REVIEW_REQUIRED,NBFC_LENDING,,5,163.100000000000000000,815.500000000000000000,81550,ANGEL_ONE,2026-10-05 13:57:03+00,2026-10-05 08:27:14.151+00,75a29849-5795-4bc8-957e-8294a4e7537c,ed1d03e38828e978c42b3c09403227fe84e2f9aeaa0f73e0df67ebaf0cacf1f2,86e2caf6-bd30-4595-bdd1-4a6463b1c30b,3c3c0000-0000-4000-8000-000000000001,2026-09-30 02:32:45.111911+00,PORTFOLIOAI_P7_IC1_PORTFOLIO_METHODOLOGY_COVERAGE_V1,e7c021b865fcd1d49a7c59924ef9c44f0383f301
30ce066a-6410-4b11-9b85-e41324971261,BANDHANBNK,BANDHANBNK,INE545U01014,REVIEW_REQUIRED,BANK,,25,170.030000000000000000,4250.750000000000000000,425075,ANGEL_ONE,2026-10-05 13:57:12+00,2026-10-05 08:27:13+00,2c43c736-e591-4af1-9324-6a759b52ff35,cc6d67a823e3d7c8919a04f9ba0c8123150825b9882702584e76d00ee8154917,d9982bdb-488a-40c9-a93f-978723174b72,3c3c0000-0000-4000-8000-000000000001,2026-09-30 02:32:05.125304+00,PORTFOLIOAI_P7_IC1_PORTFOLIO_METHODOLOGY_COVERAGE_V1,e7c021b865fcd1d49a7c59924ef9c44f0383f301
3268daa2-a50a-4333-8f5e-9ce78d3e5270,AUROPHARMA,AUROPHARMA,INE406A01037,REVIEW_REQUIRED,PHARMA,GLOBAL_GENERICS,4,1675.500000000000000000,6702.000000000000000000,670200,ANGEL_ONE,2026-10-05 13:57:11+00,2026-10-05 08:27:13+00,bee989cf-1829-409d-9059-96e46b995115,45d6ff848d1c9d65240dc9ef78eaaac569af6d848337b0d736da15e8c7fbab1a,99d3c357-8e99-4566-a7e0-bb1fe85a532f,3c3c0000-0000-4000-8000-000000000001,2026-09-30 02:32:03.76524+00,PORTFOLIOAI_P7_IC1_PORTFOLIO_METHODOLOGY_COVERAGE_V1,e7c021b865fcd1d49a7c59924ef9c44f0383f301
348077cc-8eaa-4bdd-9251-e168d7e9c5ed,ENDURANCE,ENDURANCE,INE913H01037,REVIEW_REQUIRED,AUTO_COMPONENTS,,3,2523.600000000000000000,7570.800000000000000000,757080,ANGEL_ONE,2026-10-05 13:57:07+00,2026-10-05 08:27:13+00,38469673-3470-442e-8ad5-ee57e608eb05,1933c6a4da64459dfdf5e0e63dfb088270aaa4b01afd72775ef1de0cdc8081fb,b3dfd8e2-e45f-4f9d-9bba-c49a6ac4ce68,3c3c0000-0000-4000-8000-000000000001,2026-09-30 02:32:27.841981+00,PORTFOLIOAI_P7_IC1_PORTFOLIO_METHODOLOGY_COVERAGE_V1,e7c021b865fcd1d49a7c59924ef9c44f0383f301
3833b30d-f007-486a-afd4-d44d313f8e99,ABCAPITAL,ABCAPITAL,INE674K01013,REVIEW_REQUIRED,FINANCIAL_HOLDING_COMPANY,,35,376.950000000000000000,13193.250000000000000000,1319325,ANGEL_ONE,2026-10-05 13:57:11+00,2026-10-05 08:27:13+00,f7cd76b8-8b0d-43a0-a952-3c9916dc641e,b7cff0161ecc16907f61e5e965449f1e13eb1ea57be1041907bb67611f792856,d7d7886e-01d0-419f-93cd-e68dd053a523,3c3c0000-0000-4000-8000-000000000001,2026-09-30 02:32:00.737283+00,PORTFOLIOAI_P7_IC1_PORTFOLIO_METHODOLOGY_COVERAGE_V1,e7c021b865fcd1d49a7c59924ef9c44f0383f301
39844b75-4a2e-4aca-a8c9-9f9ce078734a,ECLERX,ECLERX,INE738I01010,REVIEW_REQUIRED,IT_BPM_SERVICES,,4,1877.700000000000000000,7510.800000000000000000,751080,ANGEL_ONE,2026-10-05 13:56:53+00,2026-10-05 08:27:13+00,9a973676-d994-4aea-8020-a10c3d87453f,4103318f29b657cc9498d80cbe1d9a47220c98687d848b07807b82e6cb41e89b,6fa31b4e-aa72-4a85-b4b0-45e264d08b00,3c3c0000-0000-4000-8000-000000000001,2026-09-30 02:32:26.988744+00,PORTFOLIOAI_P7_IC1_PORTFOLIO_METHODOLOGY_COVERAGE_V1,e7c021b865fcd1d49a7c59924ef9c44f0383f301
3cf38a68-6c5b-42b4-861d-0df520c9bb4a,SKYGOLD,SKYGOLD,INE01IU01018,REVIEW_REQUIRED,JEWELLERY,,20,833.950000000000000000,16679.000000000000000000,1667900,ANGEL_ONE,2026-10-05 13:57:08+00,2026-10-05 08:27:16.457+00,d865daf9-d490-459d-8537-3c64f81a474a,d914d8d7189870095e8104f6892ee537d7eace3a4c7fd7e3e9b0bee5b9c0f835,4906069c-52db-414a-8a2b-f6577592ef80,3c3c0000-0000-4000-8000-000000000001,2026-09-30 02:33:13.512928+00,PORTFOLIOAI_P7_IC1_PORTFOLIO_METHODOLOGY_COVERAGE_V1,e7c021b865fcd1d49a7c59924ef9c44f0383f301
4365b9c2-3dd2-4086-9077-fcf0ec71e6c9,VBL,VBL,INE200M01039,REVIEW_REQUIRED,BRANDED_CONSUMER_FMCG,,6,435.450000000000000000,2612.700000000000000000,261270,ANGEL_ONE,2026-10-05 13:57:13+00,2026-10-05 08:27:17.615+00,0597c717-b55c-4c16-ab0d-50b79f7e667d,00734be81a9925b0f2041141e3b06b85d82f0673449de5c7a875ea2c927beb1d,6b7fa23d-d75d-4cc4-970c-29e288b3009b,3c3c0000-0000-4000-8000-000000000001,2026-09-30 02:33:18.522632+00,PORTFOLIOAI_P7_IC1_PORTFOLIO_METHODOLOGY_COVERAGE_V1,e7c021b865fcd1d49a7c59924ef9c44f0383f301
462c3c0e-a356-417d-8e8b-d3aa7b3d7b10,ZAGGLE,ZAGGLE,INE07K301024,REVIEW_REQUIRED,IT_SOFTWARE_PRODUCTS_PLATFORMS,,3,171.050000000000000000,513.150000000000000000,51315,ANGEL_ONE,2026-10-05 13:57:03+00,2026-10-05 08:27:17.615+00,d62da7ab-ea04-4aa3-b426-e8b9ed7738b7,52bc57578b676c8fd202ce5912b998ca2d7d7b1cded383ad5668ca6faa825a5d,19c2dcb0-351b-4442-a9b0-12c017c1b2b2,3c3c0000-0000-4000-8000-000000000001,2026-09-30 02:33:21.203697+00,PORTFOLIOAI_P7_IC1_PORTFOLIO_METHODOLOGY_COVERAGE_V1,e7c021b865fcd1d49a7c59924ef9c44f0383f301
4b5237ea-28d4-4320-be0e-3ea0cc5da04a,CROMPTON,CROMPTON,INE299U01018,REVIEW_REQUIRED,CONSUMER_DURABLES,,10,211.720000000000000000,2117.200000000000000000,211720,ANGEL_ONE,2026-10-05 13:57:11+00,2026-10-05 08:27:13+00,36c5cba1-1ae2-4e42-a6e1-bbc16d89fc10,b30179a91d95a8175ac8ecfd6c8dbfe98974d66e82968957ce7df90e84ae434f,93b43d21-1fa7-427b-8d69-e9dbc0c290c1,3c3c0000-0000-4000-8000-000000000001,2026-09-30 02:32:10.695296+00,PORTFOLIOAI_P7_IC1_PORTFOLIO_METHODOLOGY_COVERAGE_V1,e7c021b865fcd1d49a7c59924ef9c44f0383f301
4cd44d45-e5c6-4696-9744-25c19f44ac8e,DATAPATTNS,DATAPATTNS,INE0IX101010,REVIEW_REQUIRED,DEFENCE_AEROSPACE,,2,4237.000000000000000000,8474.000000000000000000,847400,ANGEL_ONE,2026-10-05 13:57:06+00,2026-10-05 08:27:13+00,ca3de204-fa77-43bd-bd02-2766c203f658,af8e06e09e189f9a312f9ea436e788973f0c8f0f9e73f86a2406b4c159b85647,931c7763-bce7-416c-9e5b-100f8ff6600c,3c3c0000-0000-4000-8000-000000000001,2026-09-30 02:32:24.323947+00,PORTFOLIOAI_P7_IC1_PORTFOLIO_METHODOLOGY_COVERAGE_V1,e7c021b865fcd1d49a7c59924ef9c44f0383f301
5275dd14-35ba-4feb-94d8-f8d1facb19d3,INDIANB,INDIANB,INE562A01011,REVIEW_REQUIRED,BANK,,7,808.400000000000000000,5658.800000000000000000,565880,ANGEL_ONE,2026-10-05 13:57:07+00,2026-10-05 08:27:14.151+00,4d20091f-3475-4063-9717-9539aeccaa05,99f3cbd81c7c57c2ad4213cb38543db32ea520ab1e9fa639114c29e3373eab9d,9a686415-8663-41b1-b6dd-58518e39b158,3c3c0000-0000-4000-8000-000000000001,2026-09-30 02:32:47.636868+00,PORTFOLIOAI_P7_IC1_PORTFOLIO_METHODOLOGY_COVERAGE_V1,e7c021b865fcd1d49a7c59924ef9c44f0383f301
536a43df-2b25-420c-b307-0cad6d62c7d0,EPL,EPL,INE255A01020,REVIEW_REQUIRED,CAPITAL_EQUIPMENT_ELECTRICAL,,17,234.500000000000000000,3986.500000000000000000,398650,ANGEL_ONE,2026-10-05 13:56:58+00,2026-10-05 08:27:15.298+00,5355dc63-ad4f-47b4-be30-0a595822d6ba,23229b7cf16a78924117bb4b017e6d1167149b5037b4f0a6ed0ac7be0b4e914a,b8ba62db-781d-42fa-81e0-0c1c3b0dee88,3c3c0000-0000-4000-8000-000000000001,2026-09-30 02:32:28.008409+00,PORTFOLIOAI_P7_IC1_PORTFOLIO_METHODOLOGY_COVERAGE_V1,e7c021b865fcd1d49a7c59924ef9c44f0383f301
5433d79a-69bb-4531-af0d-e38a918245ec,SONACOMS,SONACOMS,INE073K01018,REVIEW_REQUIRED,AUTO_COMPONENTS,,22,798.800000000000000000,17573.600000000000000000,1757360,ANGEL_ONE,2026-10-05 13:57:14+00,2026-10-05 08:27:16.457+00,a2294297-e8d5-4bd9-838b-e08ea0072a7c,0d6a0cc996e52f315e704ccb0551d9b95297b20dfef7b98c62737445acdbda99,e9595d7b-e09e-44f3-94c6-67784577e46a,3c3c0000-0000-4000-8000-000000000001,2026-09-30 02:33:13.849619+00,PORTFOLIOAI_P7_IC1_PORTFOLIO_METHODOLOGY_COVERAGE_V1,e7c021b865fcd1d49a7c59924ef9c44f0383f301
5639e7a2-275a-4c8c-be0b-3e0d59a1ecec,IONEXCHANG,IONEXCHANG,INE570A01022,REVIEW_REQUIRED,ENVIRONMENTAL_SERVICES,,13,404.300000000000000000,5255.900000000000000000,525590,ANGEL_ONE,2026-10-05 13:57:06+00,2026-10-05 08:27:14.151+00,4388d6cf-f5a6-451a-a49c-e1e17bc0e831,415b36d513c50cb9e6352301b55aae0f3b2c4f2283b0ce67ce253dabe01e340e,8a3e0c25-87b9-4109-bf90-31a69d081976,3c3c0000-0000-4000-8000-000000000001,2026-09-30 02:32:48.43554+00,PORTFOLIOAI_P7_IC1_PORTFOLIO_METHODOLOGY_COVERAGE_V1,e7c021b865fcd1d49a7c59924ef9c44f0383f301
5643737c-3c55-472d-af20-59d3121d6b9c,CGPOWER,CGPOWER,INE067A01029,REVIEW_REQUIRED,CAPITAL_EQUIPMENT_ELECTRICAL,,14,883.150000000000000000,12364.100000000000000000,1236410,ANGEL_ONE,2026-10-05 13:57:11+00,2026-10-05 08:27:13+00,ea1d67b4-ab28-4432-a57e-5505994321e5,64526064c2a6b27833b1cf8e5ff9fc2ae624ce5a9d4c129929874dcca63d754a,a3c76980-1887-4ec8-9b7d-68c9fcaf0db4,3c3c0000-0000-4000-8000-000000000001,2026-09-30 02:32:09.329443+00,PORTFOLIOAI_P7_IC1_PORTFOLIO_METHODOLOGY_COVERAGE_V1,e7c021b865fcd1d49a7c59924ef9c44f0383f301
5760ce4e-97ac-40ef-af3b-d2a5dce596cf,ICICIBANK,ICICIBANK,INE090A01021,REVIEW_REQUIRED,BANK,,26,1326.600000000000000000,34491.600000000000000000,3449160,ANGEL_ONE,2026-10-05 13:57:13+00,2026-10-05 08:27:14.151+00,6b6fa9ac-db91-4323-acab-5e85abdf88ca,a177bdbcbead6f41c93ca759f1bb13d204d1fddbba01031b83bcd1c33ca93313,e7d32fda-634a-481e-aef8-f19cd3efc628,3c3c0000-0000-4000-8000-000000000001,2026-09-30 02:32:46.271862+00,PORTFOLIOAI_P7_IC1_PORTFOLIO_METHODOLOGY_COVERAGE_V1,e7c021b865fcd1d49a7c59924ef9c44f0383f301
5aa0fc8f-da21-4468-aac8-c0b5bec17669,BBOX,BBOX,INE676A01027,REVIEW_REQUIRED,IT_SERVICES,,11,811.350000000000000000,8924.850000000000000000,892485,ANGEL_ONE,2026-10-05 13:57:03+00,2026-10-05 08:27:15.298+00,4a161687-da1a-419a-b322-7c7657d4660e,02a14dd271c90bef67eac3667ffcf6e57d9ed8baa323f6a8315eb0442ce900a0,a7dea97e-766a-461b-bff4-459d3ba3f524,3c3c0000-0000-4000-8000-000000000001,2026-09-30 02:32:05.538144+00,PORTFOLIOAI_P7_IC1_PORTFOLIO_METHODOLOGY_COVERAGE_V1,e7c021b865fcd1d49a7c59924ef9c44f0383f301
5b9171f3-d8cb-4b24-8432-1905b214915a,ACMESOLAR,ACMESOLAR,INE622W01025,REVIEW_REQUIRED,RENEWABLE_IPP,,14,429.400000000000000000,6011.600000000000000000,601160,ANGEL_ONE,2026-10-05 13:57:11+00,2026-10-05 08:27:13+00,78c6b840-6f90-4219-b198-9cf31a37fae2,98eb06955f63329640a6857ab4ab43540cd2a4110a9bb6fd85ad22dc43cc46b4,e5af6a40-dded-4fdb-a2d5-37251d862f96,3c3c0000-0000-4000-8000-000000000001,2026-09-30 02:32:01.120542+00,PORTFOLIOAI_P7_IC1_PORTFOLIO_METHODOLOGY_COVERAGE_V1,e7c021b865fcd1d49a7c59924ef9c44f0383f301
5f77f860-4818-45f5-a241-30d467066c49,SUPRIYA,SUPRIYA,INE07RO01027,REVIEW_REQUIRED,PHARMA,API_BULK_DRUGS,15,887.350000000000000000,13310.250000000000000000,1331025,ANGEL_ONE,2026-10-05 13:57:08+00,2026-10-05 08:27:17.615+00,d50c1900-e27e-46df-a18c-7d4636943417,341efa2de52ef6d4b471a0b4561e3211f7b5d0c9fd3e40dabe77139d09ab5339,ff8231ed-e860-4a65-9b13-d25e810a7c42,3c3c0000-0000-4000-8000-000000000001,2026-09-30 02:33:15.208531+00,PORTFOLIOAI_P7_IC1_PORTFOLIO_METHODOLOGY_COVERAGE_V1,e7c021b865fcd1d49a7c59924ef9c44f0383f301
5f9e4c04-44ec-4d01-ae15-180dc1794547,HINDUNILVR,HINDUNILVR,INE030A01027,REVIEW_REQUIRED,BRANDED_CONSUMER_FMCG,,3,1837.800000000000000000,5513.400000000000000000,551340,ANGEL_ONE,2026-10-05 13:57:09+00,2026-10-05 08:27:14.151+00,c67419cc-6c6a-46af-a770-54115cf28680,092279a95ce27b5ad82f3153b94341f3b65425cecce61d0d27dcb72cef8ee950,2585ee2b-3de7-4504-91ec-296f9ca28bea,3c3c0000-0000-4000-8000-000000000001,2026-09-30 02:32:44.557026+00,PORTFOLIOAI_P7_IC1_PORTFOLIO_METHODOLOGY_COVERAGE_V1,e7c021b865fcd1d49a7c59924ef9c44f0383f301
61d141a2-b37b-473f-b912-bf2ba373e5c7,EMCURE,EMCURE,INE168P01015,REVIEW_REQUIRED,PHARMA,GLOBAL_GENERICS,2,1945.500000000000000000,3891.000000000000000000,389100,ANGEL_ONE,2026-10-05 13:57:06+00,2026-10-05 08:27:13+00,4af1e404-85ef-40b3-a743-786415e6aeb9,1713a8305e22f36d0bf00c304f3d0a072a7fd936cbf0d6eb649555296621135b,4064cbb7-897a-4fc8-bde7-f8485bcd9d79,3c3c0000-0000-4000-8000-000000000001,2026-09-30 02:32:27.505265+00,PORTFOLIOAI_P7_IC1_PORTFOLIO_METHODOLOGY_COVERAGE_V1,e7c021b865fcd1d49a7c59924ef9c44f0383f301
63889b52-85da-4a1b-9046-c1e975819f99,FEDERALBNK,FEDERALBNK,INE171A01029,REVIEW_REQUIRED,BANK,,50,327.750000000000000000,16387.500000000000000000,1638750,ANGEL_ONE,2026-10-05 13:57:10+00,2026-10-05 08:27:14.151+00,a73b679c-4653-48fe-817f-f2a9014b5da1,1bd87f5de5098ac17ca9b57100a832ae2943ddb0f8c9d7a3d74e0058c8ead187,ce4494d1-8913-4603-833a-efe765e01700,3c3c0000-0000-4000-8000-000000000001,2026-09-30 02:32:29.072267+00,PORTFOLIOAI_P7_IC1_PORTFOLIO_METHODOLOGY_COVERAGE_V1,e7c021b865fcd1d49a7c59924ef9c44f0383f301
6771f493-c29a-477e-8cc8-2bede0941e44,BANKBARODA,BANKBARODA,INE028A01039,REVIEW_REQUIRED,BANK,,225.000000000000000000,233.680000000000000000,52578.000000000000000000000000000000000000,5257800,ANGEL_ONE,2026-10-05 13:57:16+00,2026-10-05 08:27:17.615+00,fd46341f-844b-47e4-8f23-a11631b31e04,ff41c7b69582af8e57a3cbe1a13669a6300ac0853d5ebf673cbb2501b1d1d8f9,11dd603c-8b6b-48c2-832c-59e3db06e298,3c3c0000-0000-4000-8000-000000000001,2026-09-30 02:32:05.336147+00,PORTFOLIOAI_P7_IC1_PORTFOLIO_METHODOLOGY_COVERAGE_V1,e7c021b865fcd1d49a7c59924ef9c44f0383f301
6a3d3238-6e7d-4d3e-8be6-d239764abe45,HYUNDAI,HYUNDAI,INE0V6F01027,REVIEW_REQUIRED,AUTO_OEM,,3,2002.100000000000000000,6006.300000000000000000,600630,ANGEL_ONE,2026-10-05 13:57:08+00,2026-10-05 08:27:14.151+00,47e20f07-f40c-4abe-89e2-82f3aaa801bc,c01097a47d8e9bb161f0e167ddc394357eadce9eea9804540a4e53a413c17848,616e2181-d4d6-4d03-91ad-9f3bb7eb1961,3c3c0000-0000-4000-8000-000000000001,2026-09-30 02:32:45.402617+00,PORTFOLIOAI_P7_IC1_PORTFOLIO_METHODOLOGY_COVERAGE_V1,e7c021b865fcd1d49a7c59924ef9c44f0383f301
6ba09398-e18c-41d5-af2f-db6fe3d9e591,CCL,CCL,INE421D01022,REVIEW_REQUIRED,BRANDED_CONSUMER_FMCG,,3,1045.200000000000000000,3135.600000000000000000,313560,ANGEL_ONE,2026-10-05 13:57:03+00,2026-10-05 08:27:15.298+00,3ede0b69-a57f-4da9-bf40-7d2ac0852d8f,ce39b8f6dc23f29a6f783245bad7cffdfa5e3b1d3f2b1ee17975e91f66384e43,fddc4ba2-4906-49cd-9e37-0a5ab97176a5,3c3c0000-0000-4000-8000-000000000001,2026-09-30 02:32:08.435926+00,PORTFOLIOAI_P7_IC1_PORTFOLIO_METHODOLOGY_COVERAGE_V1,e7c021b865fcd1d49a7c59924ef9c44f0383f301
7202b7b7-237c-439b-936d-c75bab806678,TDPOWERSYS,TDPOWERSYS,INE419M01035,REVIEW_REQUIRED,CAPITAL_EQUIPMENT_ELECTRICAL,,64,820.400000000000000000,52505.600000000000000000,5250560,ANGEL_ONE,2026-10-05 13:57:17+00,2026-10-05 08:27:17.615+00,b931f55d-787e-416c-a193-dd3919c50e86,913a7b834bc6d786ec819808a3e9128e63e81458e8b6dfc4a17c327cc9190445,95eebce4-aa89-4721-9570-9f26bd10f4f0,3c3c0000-0000-4000-8000-000000000001,2026-09-30 02:33:15.475326+00,PORTFOLIOAI_P7_IC1_PORTFOLIO_METHODOLOGY_COVERAGE_V1,e7c021b865fcd1d49a7c59924ef9c44f0383f301
7775968c-3fc7-4d59-8c28-ff8837bfc8d7,IPL,IPL,INE0D6701023,REVIEW_REQUIRED,AGRO_FERTILISER,,10,129.190000000000000000,1291.900000000000000000,129190,ANGEL_ONE,2026-10-05 13:56:06+00,2026-10-05 08:27:15.298+00,662211aa-b7e2-4657-8632-6ee49a9ad727,90932e7663b4e5e7c6bf9b8e4f0c925b797a037285f66580cc509c87489309ec,342af6a9-2822-4b69-aa4a-a19356983997,3c3c0000-0000-4000-8000-000000000001,2026-09-30 02:32:48.641999+00,PORTFOLIOAI_P7_IC1_PORTFOLIO_METHODOLOGY_COVERAGE_V1,e7c021b865fcd1d49a7c59924ef9c44f0383f301
77f3f9a4-62e0-4b36-8e73-09e1e281ecbf,TITAN,TITAN,INE280A01028,REVIEW_REQUIRED,JEWELLERY,,10,4581.000000000000000000,45810.000000000000000000,4581000,ANGEL_ONE,2026-10-05 13:57:15+00,2026-10-05 08:27:16.457+00,bfcecf8e-3b05-483c-9048-5fc16f0ea14e,c3c55ebc680743bb61305b858a377c5109433b45a7c46892778099fdbcc86c73,52c16d51-1618-4d53-b35a-fd61a10f5cab,3c3c0000-0000-4000-8000-000000000001,2026-09-30 02:33:16.196743+00,PORTFOLIOAI_P7_IC1_PORTFOLIO_METHODOLOGY_COVERAGE_V1,e7c021b865fcd1d49a7c59924ef9c44f0383f301
7bc3f24e-0802-4464-ad8f-348dd8c8de57,HDFCAMC,HDFCAMC,INE127D01025,REVIEW_REQUIRED,CAPITAL_MARKETS_AMC,,2,2353.900000000000000000,4707.800000000000000000,470780,ANGEL_ONE,2026-10-05 13:57:12+00,2026-10-05 08:27:14.151+00,3ca7d077-e3a6-4809-ab8d-407b44a8bfdd,1efb6dfcfce1e77d2250f6116089ccea6172f96a6f23014ca2440babc4a20566,92d89cb3-356c-448b-be97-e27ed1943f63,3c3c0000-0000-4000-8000-000000000001,2026-09-30 02:32:32.511108+00,PORTFOLIOAI_P7_IC1_PORTFOLIO_METHODOLOGY_COVERAGE_V1,e7c021b865fcd1d49a7c59924ef9c44f0383f301
80a64fe7-8dcd-4c6c-8093-fd6b6ee1606a,CGCL,CGCL,INE180C01042,REVIEW_REQUIRED,NBFC_LENDING,,30,247.840000000000000000,7435.200000000000000000,743520,ANGEL_ONE,2026-10-05 13:57:04+00,2026-10-05 08:27:13+00,5ad0dec1-48df-40de-b8c2-befaa8cc2121,79b93c4fe5ccce7f6a54363ca69445fcb2de0bd2fcfd30a32ae9d934115ea0e3,dbacb1e1-e2f2-47b0-bc0a-7dcf479471c4,3c3c0000-0000-4000-8000-000000000001,2026-09-30 02:32:09.12344+00,PORTFOLIOAI_P7_IC1_PORTFOLIO_METHODOLOGY_COVERAGE_V1,e7c021b865fcd1d49a7c59924ef9c44f0383f301
80aa69b4-1b40-476d-a8f2-ac509a129300,JTLIND,JTLIND,INE391J01032,REVIEW_REQUIRED,INDUSTRIAL_PRODUCTS,,27,85.770000000000000000,2315.790000000000000000,231579,ANGEL_ONE,2026-10-05 13:57:02+00,2026-10-05 08:27:17.615+00,90fe5ef9-2d69-452c-a195-eef5850e67d5,3da63a66fff386076f421c73513e2a89a3b3ad907650747e7a16aab579dc92a5,c993ee6b-1745-433a-88ec-245724ae2541,3c3c0000-0000-4000-8000-000000000001,2026-09-30 02:32:50.576788+00,PORTFOLIOAI_P7_IC1_PORTFOLIO_METHODOLOGY_COVERAGE_V1,e7c021b865fcd1d49a7c59924ef9c44f0383f301
819fde8b-75bc-4327-b456-bce1a8b7a63f,JSWENERGY,JSWENERGY,INE121E01018,REVIEW_REQUIRED,GENERATION_INTEGRATED_UTILITY,,9,489.450000000000000000,4405.050000000000000000,440505,ANGEL_ONE,2026-10-05 13:57:04+00,2026-10-05 08:27:14.151+00,5d86a635-50a1-46d3-8bba-8aa572901c60,609fa6a016c0219af73e2a537bfb69c87317a11afbc1e851daff26d14fe1452d,aa52e64a-5f5f-40ac-a902-8bcabeb50c05,3c3c0000-0000-4000-8000-000000000001,2026-09-30 02:32:50.333636+00,PORTFOLIOAI_P7_IC1_PORTFOLIO_METHODOLOGY_COVERAGE_V1,e7c021b865fcd1d49a7c59924ef9c44f0383f301
81ac2bfc-bb2b-44eb-9f36-dcc3de29b16f,INDHOTEL,INDHOTEL,INE053A01029,REVIEW_REQUIRED,HOSPITALITY_LEISURE,,20,723.100000000000000000,14462.000000000000000000,1446200,ANGEL_ONE,2026-10-05 13:57:08+00,2026-10-05 08:27:14.151+00,3bc147cb-9fe0-4c9f-bcc6-fcef9da9e447,19b505cc9ad36cb8b2a8406ed28b6012772471190ce27c569dc54338610a01e7,fe11a79e-9e20-451e-b50a-154d2a38b6c9,3c3c0000-0000-4000-8000-000000000001,2026-09-30 02:32:47.438994+00,PORTFOLIOAI_P7_IC1_PORTFOLIO_METHODOLOGY_COVERAGE_V1,e7c021b865fcd1d49a7c59924ef9c44f0383f301
84455cdf-46f9-48d3-a323-8b46ef8cd9f6,USHAMART,USHAMART,INE228A01035,REVIEW_REQUIRED,CAPITAL_EQUIPMENT_ELECTRICAL,,30,505.250000000000000000,15157.500000000000000000,1515750,ANGEL_ONE,2026-10-05 13:57:10+00,2026-10-05 08:27:17.615+00,c1b2b65b-bad2-488e-9740-b3b8899deeea,fad57e3477b33a64101a1d7c7a046f4d5cbb659096087de1f5a488a7e8a1c92c,4256f32b-1fb8-4942-bf9e-510279f57cbf,3c3c0000-0000-4000-8000-000000000001,2026-09-30 02:33:17.643219+00,PORTFOLIOAI_P7_IC1_PORTFOLIO_METHODOLOGY_COVERAGE_V1,e7c021b865fcd1d49a7c59924ef9c44f0383f301
85ad787f-607a-4439-a6db-9b65b03195f1,GOODLUCK,GOODLUCK,INE127I01024,REVIEW_REQUIRED,CAPITAL_EQUIPMENT_ELECTRICAL,,6,483.400000000000000000,2900.400000000000000000,290040,ANGEL_ONE,2026-10-05 13:57:06+00,2026-10-05 08:27:14.151+00,7da21278-d3b8-4419-9a69-ef5fabd5a333,dc0e43c6fb56b3b4645140803db3a8447d9360a359f8ee62c1eda377cb8c854b,84e3c19e-d3be-49c2-8d0a-ee41d0090818,3c3c0000-0000-4000-8000-000000000001,2026-09-30 02:32:30.719081+00,PORTFOLIOAI_P7_IC1_PORTFOLIO_METHODOLOGY_COVERAGE_V1,e7c021b865fcd1d49a7c59924ef9c44f0383f301
85efb777-de6a-4465-9f4f-7a51b9b65bc2,LT,LT,INE018A01030,REVIEW_REQUIRED,PROJECT_EPC,,6,3730.500000000000000000,22383.000000000000000000,2238300,ANGEL_ONE,2026-10-05 13:57:15+00,2026-10-05 08:27:15.298+00,969a9542-eb14-44b5-8084-32b59189d0c4,86aa1ac3fa3db2973a11d8bac8fd24e4195c92b464595ca3b76ac0889a4e6d2a,d956f2d2-ccc3-4aa0-9115-6eff7912ad56,3c3c0000-0000-4000-8000-000000000001,2026-09-30 02:32:57.90496+00,PORTFOLIOAI_P7_IC1_PORTFOLIO_METHODOLOGY_COVERAGE_V1,e7c021b865fcd1d49a7c59924ef9c44f0383f301
87132afb-e054-4ba2-adae-dc325637c001,AVALON,AVALON,INE0LCL01028,REVIEW_REQUIRED,CAPITAL_EQUIPMENT_ELECTRICAL,,14,2269.400000000000000000,31771.600000000000000000,3177160,ANGEL_ONE,2026-10-05 13:57:01+00,2026-10-05 08:27:13+00,23c811ee-a314-4190-a8ca-c43cfc9092b0,9471cdbb88ca888a1830b8cb3aee5a8a5f8373bb93756e55b39d789e4d7c55c4,5f8e945e-f4ac-4795-90dd-a14e95e23080,3c3c0000-0000-4000-8000-000000000001,2026-09-30 02:32:04.09984+00,PORTFOLIOAI_P7_IC1_PORTFOLIO_METHODOLOGY_COVERAGE_V1,e7c021b865fcd1d49a7c59924ef9c44f0383f301
8874186e-a6bc-49eb-9163-28cae2b31dd6,JUBLFOOD,JUBLFOOD,INE797F01020,REVIEW_REQUIRED,HOSPITALITY_LEISURE,,10,445.450000000000000000,4454.500000000000000000,445450,ANGEL_ONE,2026-10-05 13:57:02+00,2026-10-05 08:27:15.298+00,784d5c56-7512-4e53-8e0a-8b4d0b02bb26,fe49819c7764fe12ea3b890d69f6fc92f26bf703556f5f1b8a5419b1df4f65a9,6bd5d1ea-bcd7-483c-a112-f89f02c6dfd7,3c3c0000-0000-4000-8000-000000000001,2026-09-30 02:32:50.773536+00,PORTFOLIOAI_P7_IC1_PORTFOLIO_METHODOLOGY_COVERAGE_V1,e7c021b865fcd1d49a7c59924ef9c44f0383f301
89b62217-7cf7-4fd6-ba43-31f3b78c1929,HINDALCO,HINDALCO,INE038A01020,REVIEW_REQUIRED,NON_FERROUS_DIVERSIFIED_METALS,,10,942.700000000000000000,9427.000000000000000000,942700,ANGEL_ONE,2026-10-05 13:57:07+00,2026-10-05 08:27:14.151+00,2fd1b57e-0213-4e8e-993c-a60e3a90c271,8bab3afa2b8e9631514d1a8c0e17761ea94de02ba4ef3d44a2464136cf19db7c,df08155e-4b5a-4973-921b-98b230645f8e,3c3c0000-0000-4000-8000-000000000001,2026-09-30 02:32:43.957146+00,PORTFOLIOAI_P7_IC1_PORTFOLIO_METHODOLOGY_COVERAGE_V1,e7c021b865fcd1d49a7c59924ef9c44f0383f301
89d94355-8c96-4d21-8bb7-1e3bcf096a93,AKUMS,AKUMS,INE09XN01023,REVIEW_REQUIRED,PHARMA,CDMO_CRAMS,5,808.100000000000000000,4040.500000000000000000,404050,ANGEL_ONE,2026-10-05 13:56:53+00,2026-10-05 08:27:17.615+00,e1a2d7b3-a969-4bd3-acff-910366d9f19d,9f9b32c87762e523ef05615898c1de7aced05cdb7ef9ee4af04228a1a8d393ae,29330574-d247-4454-9426-898aae2d69a4,3c3c0000-0000-4000-8000-000000000001,2026-09-30 02:32:01.352738+00,PORTFOLIOAI_P7_IC1_PORTFOLIO_METHODOLOGY_COVERAGE_V1,e7c021b865fcd1d49a7c59924ef9c44f0383f301
8a9e5286-a857-4cd9-8eda-e82378482ff6,CIPLA,CIPLA,INE059A01026,REVIEW_REQUIRED,PHARMA,GLOBAL_GENERICS,9,1336.100000000000000000,12024.900000000000000000,1202490,ANGEL_ONE,2026-10-05 13:57:11+00,2026-10-05 08:27:13+00,89d25ed0-b3bf-4d3b-a200-8eafa1f7850a,1e35e233b3573162703fbf949276d9758212ac012bd779f7a5eadfc57a1cc2c4,3287ec51-fccf-4f30-bb94-708e5e3ee347,3c3c0000-0000-4000-8000-000000000001,2026-09-30 02:32:09.914608+00,PORTFOLIOAI_P7_IC1_PORTFOLIO_METHODOLOGY_COVERAGE_V1,e7c021b865fcd1d49a7c59924ef9c44f0383f301
8b105349-46e4-4a42-9d89-54306d26a81d,NAM-INDIA,NAM-INDIA,INE298J01013,REVIEW_REQUIRED,CAPITAL_MARKETS_AMC,,13,1056.200000000000000000,13730.600000000000000000,1373060,ANGEL_ONE,2026-10-05 13:57:11+00,2026-10-05 08:27:15.298+00,6969c6b3-ef5f-4f2e-9995-c48737023d6a,b62d7f8fdd2d246a75299c992f4ad4e4d12d372e6952dfafc96fca6dd8e3e6c8,f09dd97d-b716-49ed-886a-9f3b2ffa1338,3c3c0000-0000-4000-8000-000000000001,2026-09-30 02:33:00.375613+00,PORTFOLIOAI_P7_IC1_PORTFOLIO_METHODOLOGY_COVERAGE_V1,e7c021b865fcd1d49a7c59924ef9c44f0383f301
8d0db594-078d-4663-bfcd-ba8e3cf1ec32,MTARTECH,MTARTECH,INE864I01014,REVIEW_REQUIRED,DEFENCE_AEROSPACE,,5,7680.000000000000000000,38400.000000000000000000,3840000,ANGEL_ONE,2026-10-05 13:57:07+00,2026-10-05 08:27:15.298+00,af13956a-8605-4232-b716-8e3ed1baaf0b,55a6fb7ed2af86d3bbfc6326f1ad2ec893cc4a6b03428ce8e401360b6451a8f8,a124e608-db39-472e-9e26-25f42f2762b7,3c3c0000-0000-4000-8000-000000000001,2026-09-30 02:33:00.012104+00,PORTFOLIOAI_P7_IC1_PORTFOLIO_METHODOLOGY_COVERAGE_V1,e7c021b865fcd1d49a7c59924ef9c44f0383f301
8ef58a96-0896-47c1-859e-69dbb55e37a7,PIIND,PIIND,INE603J01030,REVIEW_REQUIRED,AGRO_FERTILISER,,1,2215.200000000000000000,2215.200000000000000000,221520,ANGEL_ONE,2026-10-05 13:57:11+00,2026-10-05 08:27:16.457+00,9677f3d7-b6a5-4bce-8c53-92d67731c8f9,f8d5c8c987279e11d72853254273393bea7d814dae404d3b8cd46d3c905350cd,0cdb70ba-e0fa-4860-8f78-8b2082f3237e,3c3c0000-0000-4000-8000-000000000001,2026-09-30 02:33:03.413108+00,PORTFOLIOAI_P7_IC1_PORTFOLIO_METHODOLOGY_COVERAGE_V1,e7c021b865fcd1d49a7c59924ef9c44f0383f301
91520c5a-60a2-4719-9a5e-eeb3da6df18c,JUBLPHARMA,JUBLPHARMA,INE700A01033,REVIEW_REQUIRED,PHARMA,CDMO_CRAMS,4,987.300000000000000000,3949.200000000000000000,394920,ANGEL_ONE,2026-10-05 13:57:09+00,2026-10-05 08:27:15.298+00,a5ee76f7-662c-406f-a9ff-1a7db2b6c81f,6b52559487af99dfa04d2a40567ecd4dc09a2655c98facebc5a35e5bfa5097aa,6801751a-c5fe-4be3-9b55-43c5283ce77f,3c3c0000-0000-4000-8000-000000000001,2026-09-30 02:32:50.988558+00,PORTFOLIOAI_P7_IC1_PORTFOLIO_METHODOLOGY_COVERAGE_V1,e7c021b865fcd1d49a7c59924ef9c44f0383f301
9503c7f0-33f1-42aa-a804-134c848c18fb,EBGNG,EBGNG,INE18JU01028,REVIEW_REQUIRED,IT_DIGITAL_INFRA_HARDWARE,,9,701.650000000000000000,6314.850000000000000000,631485,ANGEL_ONE,2026-10-05 13:57:08+00,2026-10-05 08:27:13+00,447cab3f-d7ad-422f-b97d-de8217699c60,453009ceef735b7081fc23953967897b1c3e6ec326c6f33fbbe3d4fb95cf46f8,f3efa0e5-a74d-4b5f-a10c-b4d076ebb15d,3c3c0000-0000-4000-8000-000000000001,2026-09-30 02:32:26.645138+00,PORTFOLIOAI_P7_IC1_PORTFOLIO_METHODOLOGY_COVERAGE_V1,e7c021b865fcd1d49a7c59924ef9c44f0383f301
9c577a90-f930-4d16-8bae-2d3f52698069,GLENMARK,GLENMARK,INE935A01035,REVIEW_REQUIRED,PHARMA,GLOBAL_GENERICS,7,2289.800000000000000000,16028.600000000000000000,1602860,ANGEL_ONE,2026-10-05 13:57:07+00,2026-10-05 08:27:14.151+00,0d9698fe-2070-4d39-ab85-d84c015f7ea1,09b41c7a621f368ad2debfe74d9ae56ae0a594a0807dde07e3346dd1cd7ba35e,604ab533-a239-40e0-8316-43fee7e3ff8c,3c3c0000-0000-4000-8000-000000000001,2026-09-30 02:32:29.774055+00,PORTFOLIOAI_P7_IC1_PORTFOLIO_METHODOLOGY_COVERAGE_V1,e7c021b865fcd1d49a7c59924ef9c44f0383f301
9d28c14f-9035-4028-a8d7-128886031b00,MOTHERSON,MOTHERSON,INE775A01035,REVIEW_REQUIRED,AUTO_COMPONENTS,,62,155.750000000000000000,9656.500000000000000000,965650,ANGEL_ONE,2026-10-05 13:57:16+00,2026-10-05 08:27:17.615+00,464dda33-ace1-416c-bdcc-6e1b118412e5,5bb71bd396c447b9a3f570d60d316a4ae2caa7186e8d6df6d1b5b5b53549e3e0,57d59294-0ec4-4d49-bc1e-45ecf3ba9625,3c3c0000-0000-4000-8000-000000000001,2026-09-30 02:32:59.666323+00,PORTFOLIOAI_P7_IC1_PORTFOLIO_METHODOLOGY_COVERAGE_V1,e7c021b865fcd1d49a7c59924ef9c44f0383f301
9d40f5c8-4beb-4304-98c9-929980929f59,MFSL,MFSL,INE180A01020,REVIEW_REQUIRED,INSURANCE,,11,1351.400000000000000000,14865.400000000000000000,1486540,ANGEL_ONE,2026-10-05 13:57:11+00,2026-10-05 08:27:15.298+00,429a78c7-11c4-45f0-84e3-7cce6061ccf5,1525565abc8965138db61befafef3209690856af704dbaab5956143ca5cc7979,78d46280-67e6-4f93-8159-dbdbfd0c6ad5,3c3c0000-0000-4000-8000-000000000001,2026-09-30 02:32:59.321459+00,PORTFOLIOAI_P7_IC1_PORTFOLIO_METHODOLOGY_COVERAGE_V1,e7c021b865fcd1d49a7c59924ef9c44f0383f301
9e54e6a0-b1ba-46ca-91d2-8eddcb85a5ec,APLAPOLLO,APLAPOLLO,INE702C01027,REVIEW_REQUIRED,CAPITAL_EQUIPMENT_ELECTRICAL,,3,2094.000000000000000000,6282.000000000000000000,628200,ANGEL_ONE,2026-10-05 13:57:06+00,2026-10-05 08:27:13+00,814b5917-ed64-469a-9975-647a1cad5826,9128b0f1e6c20438597754f53775eb35ae5e767c9d4428959a845b298e938e23,9c610ce1-8466-4475-b989-8c1c8a8f5ab1,3c3c0000-0000-4000-8000-000000000001,2026-09-30 02:32:02.230077+00,PORTFOLIOAI_P7_IC1_PORTFOLIO_METHODOLOGY_COVERAGE_V1,e7c021b865fcd1d49a7c59924ef9c44f0383f301
9e6ac437-78f3-4d22-9e66-76ecea1bd4f7,PERSISTENT,PERSISTENT,INE262H01021,REVIEW_REQUIRED,IT_SERVICES,,3,5555.500000000000000000,16666.500000000000000000,1666650,ANGEL_ONE,2026-10-05 13:57:12+00,2026-10-05 08:27:16.457+00,eed48987-74dc-4fc3-921b-c55af4f1fc61,0c757c84c0ac23815aed56cea959ad0541543672a677fec157b46d5d61ff2d2e,c1b74ddb-257c-4ea4-9bc5-9d09075293dd,3c3c0000-0000-4000-8000-000000000001,2026-09-30 02:33:03.07133+00,PORTFOLIOAI_P7_IC1_PORTFOLIO_METHODOLOGY_COVERAGE_V1,e7c021b865fcd1d49a7c59924ef9c44f0383f301
a5639446-3238-4e08-9d02-59bc529982db,IDBI,IDBI,INE008A01015,REVIEW_REQUIRED,BANK,,20,86.960000000000000000,1739.200000000000000000,173920,ANGEL_ONE,2026-10-05 13:57:02+00,2026-10-05 08:27:14.151+00,39899740-2252-49ff-aa56-a91d9f38f362,477ad6d66e233470345bd075231e676846e6fcb2257bdff492a295ab7de21c4c,fe63b9a6-a6ed-4ba0-bfa1-3062263a8adf,3c3c0000-0000-4000-8000-000000000001,2026-09-30 02:32:46.654762+00,PORTFOLIOAI_P7_IC1_PORTFOLIO_METHODOLOGY_COVERAGE_V1,e7c021b865fcd1d49a7c59924ef9c44f0383f301
a9520a7e-e19d-461c-a819-f08e16022c28,ASTRAL,ASTRAL,INE006I01046,REVIEW_REQUIRED,CAPITAL_EQUIPMENT_ELECTRICAL,,6,1357.000000000000000000,8142.000000000000000000,814200,ANGEL_ONE,2026-10-05 13:57:05+00,2026-10-05 08:27:13+00,79ece059-df4c-494c-9d7e-09ab7fffed0f,22a131221ab32802b5964f61b231d0f60479fe6f7ff5a26588121d748e5505ad,575b5dc8-c5e6-4d4f-8611-a15b60468747,3c3c0000-0000-4000-8000-000000000001,2026-09-30 02:32:02.722152+00,PORTFOLIOAI_P7_IC1_PORTFOLIO_METHODOLOGY_COVERAGE_V1,e7c021b865fcd1d49a7c59924ef9c44f0383f301
ae52fe71-8ded-4e7c-9a9c-d09efd600826,TVSMOTOR,TVSMOTOR,INE494B01023,REVIEW_REQUIRED,AUTO_OEM,,2,4013.100000000000000000,8026.200000000000000000,802620,ANGEL_ONE,2026-10-05 13:57:13+00,2026-10-05 08:27:17.615+00,6f4f6323-269c-435d-8a49-c600109d6207,78675c79036b531b511ebb9c094289c2c4b76c5ca5d5c2bcc70e3d23963d3f59,420649d1-a23f-4c2b-b8df-17168adaffc8,3c3c0000-0000-4000-8000-000000000001,2026-09-30 02:33:16.919327+00,PORTFOLIOAI_P7_IC1_PORTFOLIO_METHODOLOGY_COVERAGE_V1,e7c021b865fcd1d49a7c59924ef9c44f0383f301
af35913f-9aa6-44b0-b50f-1f35902ffac2,CAPLIPOINT,CAPLIPOINT,INE475E01026,REVIEW_REQUIRED,PHARMA,GLOBAL_GENERICS,6,2618.100000000000000000,15708.600000000000000000,1570860,ANGEL_ONE,2026-10-05 13:57:06+00,2026-10-05 08:27:13+00,94ae3fd8-536a-4697-9cbe-7eaad6a05457,82accb863df7182fdd73e6f4a7da4783e1c7d4ac1be62a1503b915f4588dc11b,9e660fa9-20c0-43b8-95e6-32fcc38d751e,3c3c0000-0000-4000-8000-000000000001,2026-09-30 02:32:07.90371+00,PORTFOLIOAI_P7_IC1_PORTFOLIO_METHODOLOGY_COVERAGE_V1,e7c021b865fcd1d49a7c59924ef9c44f0383f301
af7fdb13-3ed4-489c-800d-5ab12e08c1c0,ETERNAL,ETERNAL,INE758T01015,REVIEW_REQUIRED,RETAIL_COMMERCE,,24,321.300000000000000000,7711.200000000000000000,771120,ANGEL_ONE,2026-10-05 13:57:06+00,2026-10-05 08:27:13+00,d12b0aa7-e774-44c3-a3e2-35eda84622f2,649b9ffb994f50f36cbf0e240dde9288a56cbc424130edf17184b39d35d4122e,54d5f024-89b8-4f81-8d71-5f1cee648728,3c3c0000-0000-4000-8000-000000000001,2026-09-30 02:32:28.363614+00,PORTFOLIOAI_P7_IC1_PORTFOLIO_METHODOLOGY_COVERAGE_V1,e7c021b865fcd1d49a7c59924ef9c44f0383f301
b034a0c0-27bc-46fd-a0eb-c038004a31aa,ARVIND,ARVIND,INE034A01011,REVIEW_REQUIRED,TEXTILES_APPAREL,,12.000000000000000000,531.700000000000000000,6380.400000000000000000000000000000000000,638040,ANGEL_ONE,2026-10-05 13:57:03+00,2026-10-05 08:27:13+00,d4876696-7672-42f2-97b4-9ed50d245b0e,3729d96c7e87710a5dc3cc794cdeb084b98bf3cdb73c12aaf891aff61b3f18ce,22890de4-6544-46a2-8f4a-085079d009dd,3c3c0000-0000-4000-8000-000000000001,2026-09-30 02:32:02.458383+00,PORTFOLIOAI_P7_IC1_PORTFOLIO_METHODOLOGY_COVERAGE_V1,e7c021b865fcd1d49a7c59924ef9c44f0383f301
b2d907e5-f8a1-4755-9fec-0cbbbd0e247f,ANANTRAJ,ANANTRAJ,INE242C01024,REVIEW_REQUIRED,REAL_ESTATE_DEVELOPER,,19.000000000000000000,590.700000000000000000,11223.300000000000000000000000000000000000,1122330,ANGEL_ONE,2026-10-05 13:57:09+00,2026-10-05 08:27:13+00,812d8231-07d5-4094-8f3d-4e4042d120cf,63485bacfa8533aed1fb81e17a90b2a10037c642f6c3be14f96536b5b038f36c,4f08db0c-f393-4ba5-b270-3f2535cac444,3c3c0000-0000-4000-8000-000000000001,2026-09-30 02:32:01.793603+00,PORTFOLIOAI_P7_IC1_PORTFOLIO_METHODOLOGY_COVERAGE_V1,e7c021b865fcd1d49a7c59924ef9c44f0383f301
b330c9fe-ae35-469a-9975-d5af26843b1c,AXISBANK,AXISBANK,INE238A01034,REVIEW_REQUIRED,BANK,,7,1235.200000000000000000,8646.400000000000000000,864640,ANGEL_ONE,2026-10-05 13:57:12+00,2026-10-05 08:27:13+00,b18260e2-340a-48c0-b947-57b3b105ebc2,3145724e370e5e04cda11f52bc451fe366c0032861d9052e413a27db8043391a,ef79b454-43dc-41ce-bfe0-4441090da656,3c3c0000-0000-4000-8000-000000000001,2026-09-30 02:32:04.905416+00,PORTFOLIOAI_P7_IC1_PORTFOLIO_METHODOLOGY_COVERAGE_V1,e7c021b865fcd1d49a7c59924ef9c44f0383f301
b47b007d-1990-4504-a5a2-4391c07687c5,HDFCBANK,HDFCBANK,INE040A01034,REVIEW_REQUIRED,BANK,,17,707.250000000000000000,12023.250000000000000000,1202325,ANGEL_ONE,2026-10-05 13:57:13+00,2026-10-05 08:27:14.151+00,e2aa2d25-f1d3-4131-a5e4-8d6baf423c2e,e698e056585f3fc28758cd3d161854a6bd3d389ea1cac53ff9d6fb4c75832941,ba268b97-8f85-41d9-a575-80b5d231b688,3c3c0000-0000-4000-8000-000000000001,2026-09-30 02:32:43.307105+00,PORTFOLIOAI_P7_IC1_PORTFOLIO_METHODOLOGY_COVERAGE_V1,e7c021b865fcd1d49a7c59924ef9c44f0383f301
b9ec22c1-bb74-4206-8d14-45b1f4b10293,COALINDIA,COALINDIA,INE522F01014,REVIEW_REQUIRED,SOLID_FUELS_MINING,,7,424.550000000000000000,2971.850000000000000000,297185,ANGEL_ONE,2026-10-05 13:57:11+00,2026-10-05 08:27:13+00,ec3a8930-73a6-4e95-a5c9-abbab45f43d2,fae2477014cec853f295b5d6a7285dd54f7e29f65744ae6d14dc1adbbaae7a55,1bff296c-a8c7-469c-9007-3d1e04ce0381,3c3c0000-0000-4000-8000-000000000001,2026-09-30 02:32:10.109005+00,PORTFOLIOAI_P7_IC1_PORTFOLIO_METHODOLOGY_COVERAGE_V1,e7c021b865fcd1d49a7c59924ef9c44f0383f301
ba340b06-fd44-4d80-9ce7-d280616354ed,IDFCFIRSTB,IDFCFIRSTB,INE092T01019,REVIEW_REQUIRED,BANK,,72,82.210000000000000000,5919.120000000000000000,591912,ANGEL_ONE,2026-10-05 13:57:06+00,2026-10-05 08:27:14.151+00,e86f21a0-5265-4531-85a5-06097afaf97e,04c2a7fe5e6ec17a943c5888bff6c84caad7f5d87d600d1b8c014e4eecae0ac9,9e3b613f-0ca6-4589-9b89-206b001a8f23,3c3c0000-0000-4000-8000-000000000001,2026-09-30 02:32:46.853892+00,PORTFOLIOAI_P7_IC1_PORTFOLIO_METHODOLOGY_COVERAGE_V1,e7c021b865fcd1d49a7c59924ef9c44f0383f301
ba7b2673-39d9-47ec-b2b2-cd19922aec36,INFY,INFY,INE009A01021,REVIEW_REQUIRED,IT_SERVICES,,2,1018.650000000000000000,2037.300000000000000000,203730,ANGEL_ONE,2026-10-05 13:57:14+00,2026-10-05 08:27:15.298+00,d6b6870d-964a-4480-96a2-d61fbe6c3bf3,31fc71ed05ac3a61468b469d44f3290875fe4e98f99fc584c10100f012d3e70b,3a365cb1-6f3c-4ad9-b19c-8695b24d22c9,3c3c0000-0000-4000-8000-000000000001,2026-09-30 02:32:48.027867+00,PORTFOLIOAI_P7_IC1_PORTFOLIO_METHODOLOGY_COVERAGE_V1,e7c021b865fcd1d49a7c59924ef9c44f0383f301
be55b3cc-0400-45af-84aa-2a95e2c361c5,KARURVYSYA,KARURVYSYA,INE036D01028,REVIEW_REQUIRED,BANK,,43.000000000000000000,324.900000000000000000,13970.700000000000000000000000000000000000,1397070,ANGEL_ONE,2026-10-05 13:57:10+00,2026-10-05 08:27:15.298+00,0895a2e9-faa1-4940-a790-4550b92faeeb,d8df0c5405c38fe9504671643042761083fe422921d35cf982f1be00d155bdba,10b767a1-c8f7-479b-bbd3-f96471c2161f,3c3c0000-0000-4000-8000-000000000001,2026-09-30 02:32:51.604543+00,PORTFOLIOAI_P7_IC1_PORTFOLIO_METHODOLOGY_COVERAGE_V1,e7c021b865fcd1d49a7c59924ef9c44f0383f301
bfc9de73-b3a2-42d9-9d25-a7f871890ccd,BIOCON,BIOCON,INE376G01013,REVIEW_REQUIRED,PHARMA,BIOPHARMA_BIOSIMILARS,10,369.300000000000000000,3693.000000000000000000,369300,ANGEL_ONE,2026-10-05 13:57:10+00,2026-10-05 08:27:13+00,dfca9e63-aaee-464d-bdef-a15aa16cf619,711df23446bbadfd51e8230c5d1bd9683e12b5a04982d3901f7d3839f0eb5f31,420898e6-bfa4-4211-b5df-07c71d9b3450,3c3c0000-0000-4000-8000-000000000001,2026-09-30 02:32:06.556635+00,PORTFOLIOAI_P7_IC1_PORTFOLIO_METHODOLOGY_COVERAGE_V1,e7c021b865fcd1d49a7c59924ef9c44f0383f301
c18ef8b9-f515-4d76-bf34-5b368f457c9a,KPIL,KPIL,INE220B01022,REVIEW_REQUIRED,PROJECT_EPC,,8,1390.000000000000000000,11120.000000000000000000,1112000,ANGEL_ONE,2026-10-05 13:57:11+00,2026-10-05 08:27:15.298+00,36b01e0f-d4ca-4fd1-8e78-c52c07de4ca0,fcca5ddadf12244835704057725800a0c231b0a4324ce43ae0d097b3fc4807bf,0d7cc35f-0cc5-4fc4-9d4f-3a5f140b4ed2,3c3c0000-0000-4000-8000-000000000001,2026-09-30 02:32:56.65476+00,PORTFOLIOAI_P7_IC1_PORTFOLIO_METHODOLOGY_COVERAGE_V1,e7c021b865fcd1d49a7c59924ef9c44f0383f301
c27b3997-f74b-432e-8b17-0837cce4c2fc,HEXT,HEXT,INE093A01041,REVIEW_REQUIRED,IT_SERVICES,,1,495.400000000000000000,495.400000000000000000,49540,ANGEL_ONE,2026-10-05 13:56:45+00,2026-10-05 08:27:14.151+00,6a78cc9c-8737-4b99-94f1-6ac4371a1243,b1f613673c942c34bc3c12bcc2124235ada36416eeb8ceb8839b9d47140b9375,c2a007b2-5262-4496-915e-eef7fd728f60,3c3c0000-0000-4000-8000-000000000001,2026-09-30 02:32:43.647265+00,PORTFOLIOAI_P7_IC1_PORTFOLIO_METHODOLOGY_COVERAGE_V1,e7c021b865fcd1d49a7c59924ef9c44f0383f301
c45b0c4f-ad18-48a8-bb7c-5cf88f6e2da2,KAYNES,KAYNES,INE918Z01012,REVIEW_REQUIRED,INDUSTRIAL_PRODUCTS,,2,3428.200000000000000000,6856.400000000000000000,685640,ANGEL_ONE,2026-10-05 13:57:13+00,2026-10-05 08:27:15.298+00,837bf1d8-212a-4a7c-91cf-76c86db7d222,4c78157caf7b92eee24a1a747056cebd17d1883757d8cd6428b2b944e4178476,05097a83-0a20-4dc5-93d2-a7cef0148909,3c3c0000-0000-4000-8000-000000000001,2026-09-30 02:32:51.809967+00,PORTFOLIOAI_P7_IC1_PORTFOLIO_METHODOLOGY_COVERAGE_V1,e7c021b865fcd1d49a7c59924ef9c44f0383f301
c5e9bbb7-e37d-4a7f-9978-dfd0ca8d3f63,NH,NH,INE410P01011,REVIEW_REQUIRED,HOSPITAL,,12,1726.500000000000000000,20718.000000000000000000,2071800,ANGEL_ONE,2026-10-05 13:57:07+00,2026-10-05 08:27:15.298+00,a55f49e2-2fe5-4fd3-bcb8-656fa3064950,55dd6ed2245bf192e6823c1e9be603515453cd02b0642ad1a10a659ef35e2694,0a49aae2-93fd-4dac-a3c1-482ae59bb965,3c3c0000-0000-4000-8000-000000000001,2026-09-30 02:33:01.304445+00,PORTFOLIOAI_P7_IC1_PORTFOLIO_METHODOLOGY_COVERAGE_V1,e7c021b865fcd1d49a7c59924ef9c44f0383f301
c9b5f6f8-76be-435d-bba0-c4432e8441df,BLUEJET,BLUEJET,INE0KBH01020,REVIEW_REQUIRED,PHARMA,,4,537.000000000000000000,2148.000000000000000000,214800,ANGEL_ONE,2026-10-05 13:57:07+00,2026-10-05 08:27:13+00,efc35779-afe0-4cfa-bfa0-61cdb302779b,26e8445da1ff03bf3939a130eaaa304ada8e5f3842efe41ed8040a4dcb5f7ede,1f81067c-4301-4de0-be4e-16b91888f828,3c3c0000-0000-4000-8000-000000000001,2026-09-30 02:32:06.763334+00,PORTFOLIOAI_P7_IC1_PORTFOLIO_METHODOLOGY_COVERAGE_V1,e7c021b865fcd1d49a7c59924ef9c44f0383f301
ceca07c4-c14a-49c4-8add-fbc3e69ec89b,GRASIM,GRASIM,INE047A01021,REVIEW_REQUIRED,CEMENT_BUILDING_MATERIALS,,7,2980.600000000000000000,20864.200000000000000000,2086420,ANGEL_ONE,2026-10-05 13:57:06+00,2026-10-05 08:27:14.151+00,6c7f4fc7-9179-4ddd-b8ab-980df98e5929,586fd8c01e8435a753f4311ba8f50c31c219a5f7cc3c8316809b04b8d7e25285,c2ba70ca-d871-4048-86ab-c3c5fbf1fb5c,3c3c0000-0000-4000-8000-000000000001,2026-09-30 02:32:31.230848+00,PORTFOLIOAI_P7_IC1_PORTFOLIO_METHODOLOGY_COVERAGE_V1,e7c021b865fcd1d49a7c59924ef9c44f0383f301
d2ac8d11-68a9-4cf8-8476-139b0495ab7d,HINDZINC,HINDZINC,INE267A01025,REVIEW_REQUIRED,NON_FERROUS_DIVERSIFIED_METALS,,15,564.250000000000000000,8463.750000000000000000,846375,ANGEL_ONE,2026-10-05 13:57:10+00,2026-10-05 08:27:14.151+00,9a546b1d-419c-4bb8-a857-a09cb46d913c,1c26166ee455f68adb3d3e00af1d25e996dfe12ec20fb487954601a332530733,0c082cf2-de7d-4f4d-83cd-9c67dca01ec8,3c3c0000-0000-4000-8000-000000000001,2026-09-30 02:32:44.817853+00,PORTFOLIOAI_P7_IC1_PORTFOLIO_METHODOLOGY_COVERAGE_V1,e7c021b865fcd1d49a7c59924ef9c44f0383f301
d5dde2b5-fc2d-451d-b7ab-a3be1fc1c9bb,LAURUSLABS,LAURUSLABS,INE947Q01028,REVIEW_REQUIRED,PHARMA,API_BULK_DRUGS,13,1965.800000000000000000,25555.400000000000000000,2555540,ANGEL_ONE,2026-10-05 13:57:14+00,2026-10-05 08:27:15.298+00,0ca50c76-4157-4be1-aa32-9d0d2f204d79,87537f6e316f236e236c66e6da7ca045f2eeafa33450fd93988195e057df25fb,324e518c-a8c1-4fa9-8f7e-4695874fe8c4,3c3c0000-0000-4000-8000-000000000001,2026-09-30 02:32:57.200638+00,PORTFOLIOAI_P7_IC1_PORTFOLIO_METHODOLOGY_COVERAGE_V1,e7c021b865fcd1d49a7c59924ef9c44f0383f301
d77abadc-d171-49d9-bfee-0b34dd0281f4,SBIN,SBIN,INE062A01020,STALE,BANK,,33,962.600000000000000000,31765.800000000000000000,3176580,ANGEL_ONE,2026-10-05 13:57:15+00,2026-10-05 08:27:16.457+00,9e28cf7c-6429-4286-8562-00c42e4504cd,42378756cd30e7f0bc640547cdad46d695da32c7738bc250dc67c6f932083c9b,1e39ae82-06a1-401e-9379-262d62d726d3,3c3c0000-0000-4000-8000-000000000001,2026-09-30 02:33:12.304963+00,PORTFOLIOAI_P7_IC1_PORTFOLIO_METHODOLOGY_COVERAGE_V1,e7c021b865fcd1d49a7c59924ef9c44f0383f301
d8c32eab-90ce-4202-9d44-6534d4d13e5e,ITCHOTELS,ITCHOTELS,INE379A01028,REVIEW_REQUIRED,HOSPITALITY_LEISURE,,26,159.070000000000000000,4135.820000000000000000,413582,ANGEL_ONE,2026-10-05 13:57:09+00,2026-10-05 08:27:14.151+00,dad506c9-e89c-4919-b915-8950a1e95dad,ff83d3a5e987e84b3962866635253c55470bb6fb4806a9d2f044aeb72563b579,9d2c7c06-f98d-46c0-914f-45a16cfe35d6,3c3c0000-0000-4000-8000-000000000001,2026-09-30 02:32:49.252076+00,PORTFOLIOAI_P7_IC1_PORTFOLIO_METHODOLOGY_COVERAGE_V1,e7c021b865fcd1d49a7c59924ef9c44f0383f301
d9c3bd06-63dd-4272-8408-1ced7ec9faa6,YATHARTH,YATHARTH,INE0JO301016,REVIEW_REQUIRED,HOSPITAL,,32,1010.100000000000000000,32323.200000000000000000,3232320,ANGEL_ONE,2026-10-05 13:57:01+00,2026-10-05 08:27:17.615+00,ddcf491f-e447-42d5-9fbc-704ba78146bd,a278058d0c36e7eb67b64518765fa7891462e7a1071854d7ec5db97c2c8644e4,3a4dfde5-3ed5-4947-87b9-ba5bb7973c7e,3c3c0000-0000-4000-8000-000000000001,2026-09-30 02:33:20.843106+00,PORTFOLIOAI_P7_IC1_PORTFOLIO_METHODOLOGY_COVERAGE_V1,e7c021b865fcd1d49a7c59924ef9c44f0383f301
da69b3eb-0343-44f8-912c-288b826118cc,TORNTPHARM,TORNTPHARM,INE685A01028,REVIEW_REQUIRED,PHARMA,DOMESTIC_FORMULATIONS,6,4753.700000000000000000,28522.200000000000000000,2852220,ANGEL_ONE,2026-10-05 13:57:12+00,2026-10-05 08:27:17.615+00,fabc70bc-ec0a-4c72-aebb-b40c38228a69,2c93660f43291c301ee47f3baed2a416dc2ba218d1c4f62aa403a81e4a1f4619,a1502313-bcb8-4a7f-b633-d7289f401bb0,3c3c0000-0000-4000-8000-000000000001,2026-09-30 02:33:16.730783+00,PORTFOLIOAI_P7_IC1_PORTFOLIO_METHODOLOGY_COVERAGE_V1,e7c021b865fcd1d49a7c59924ef9c44f0383f301
db90cabf-5c5d-44a8-9da3-798368e2b458,JIOFIN,JIOFIN,INE758E01017,REVIEW_REQUIRED,FINANCIAL_HOLDING_COMPANY,,10,211.800000000000000000,2118.000000000000000000,211800,ANGEL_ONE,2026-10-05 13:57:13+00,2026-10-05 08:27:14.151+00,729993c6-c00e-45aa-947f-602af7c76fa8,a5a668a24ba70ea69b2a84ddebfe1d06f255997e4004e326dfc2e9b70c51bac8,d491cf47-0ae5-4c71-ac26-c5c1e9c36216,3c3c0000-0000-4000-8000-000000000001,2026-09-30 02:32:49.928471+00,PORTFOLIOAI_P7_IC1_PORTFOLIO_METHODOLOGY_COVERAGE_V1,e7c021b865fcd1d49a7c59924ef9c44f0383f301
dbe682c2-9ebd-44ef-827d-c386b103222d,ICICIAMC,ICICIAMC,INE346A01027,REVIEW_REQUIRED,CAPITAL_MARKETS_AMC,,3,3065.800000000000000000,9197.400000000000000000,919740,ANGEL_ONE,2026-10-05 13:57:04+00,2026-10-05 08:27:14.151+00,d63f7b8a-efb9-46e5-8af9-0310f1f16d04,8f66895f22bcb932abb0298e24f999a7a41bc081b39b42c69bd9ebe6fe8ffcb0,638a4fa8-4b86-479d-b90a-c03bdd421778,3c3c0000-0000-4000-8000-000000000001,2026-09-30 02:32:45.989965+00,PORTFOLIOAI_P7_IC1_PORTFOLIO_METHODOLOGY_COVERAGE_V1,e7c021b865fcd1d49a7c59924ef9c44f0383f301
dc15f48d-36d7-461f-a5ba-87604c75cef7,HINDCOPPER,HINDCOPPER,INE531E01026,REVIEW_REQUIRED,NON_FERROUS_DIVERSIFIED_METALS,,7,475.000000000000000000,3325.000000000000000000,332500,ANGEL_ONE,2026-10-05 13:57:07+00,2026-10-05 08:27:14.151+00,e4782fca-f3e7-4c67-a39a-a152e9be9c59,c9184eedbe1f5590f6c327b2dd107dfe09a2ad50735f65016ef861370e72142f,e84c2aa8-eea1-4b2e-95ed-6fa946666a6a,3c3c0000-0000-4000-8000-000000000001,2026-09-30 02:32:44.253449+00,PORTFOLIOAI_P7_IC1_PORTFOLIO_METHODOLOGY_COVERAGE_V1,e7c021b865fcd1d49a7c59924ef9c44f0383f301
dd22c8e2-bb46-4176-a308-fab7afccf3e3,CAMS,CAMS,INE596I01020,REVIEW_REQUIRED,CAPITAL_MARKETS_AMC,,10,687.400000000000000000,6874.000000000000000000,687400,ANGEL_ONE,2026-10-05 13:57:05+00,2026-10-05 08:27:13+00,064cc303-ce2b-4116-be94-1ab8cc7541f1,1272ff3933f49464d37af99c2f8702fa4219bc80636f203ed53be9413417872e,9f70aad2-4f29-4d82-8f18-06b2ee8c63a0,3c3c0000-0000-4000-8000-000000000001,2026-09-30 02:32:07.692313+00,PORTFOLIOAI_P7_IC1_PORTFOLIO_METHODOLOGY_COVERAGE_V1,e7c021b865fcd1d49a7c59924ef9c44f0383f301
e08c0b9e-a2d9-45b4-97b1-49e078869d3b,BLUSPRING,BLUSPRING,INE0U4101014,REVIEW_REQUIRED,BUSINESS_SERVICES,,3,145.260000000000000000,435.780000000000000000,43578,ANGEL_ONE,2026-10-05 13:57:02+00,2026-10-05 08:27:13+00,fb9fb36b-71a8-411a-a0e7-f986c592d233,9637ceb2cb4aa18b936d49fe63635bbadbcd6b290301d139050ccb7f3654c335,e938ad4b-894d-4d82-a068-49f359c58af9,3c3c0000-0000-4000-8000-000000000001,2026-09-30 02:32:07.498706+00,PORTFOLIOAI_P7_IC1_PORTFOLIO_METHODOLOGY_COVERAGE_V1,e7c021b865fcd1d49a7c59924ef9c44f0383f301
e1a9c51f-1d3a-4939-85eb-f2bfb9de1cd2,KALYANKJIL,KALYANKJIL,INE303R01014,REVIEW_REQUIRED,JEWELLERY,,29.000000000000000000,558.050000000000000000,16183.450000000000000000000000000000000000,1618345,ANGEL_ONE,2026-10-05 13:57:11+00,2026-10-05 08:27:15.298+00,768fb645-cb44-43f4-bcff-123184db1fd2,f0bbbb91c77e7b74b4b7a8113e4814bac7634bc211c523ed950820c7988f9480,0f000de5-6042-4f8b-9947-c58b459d718e,3c3c0000-0000-4000-8000-000000000001,2026-09-30 02:32:51.408384+00,PORTFOLIOAI_P7_IC1_PORTFOLIO_METHODOLOGY_COVERAGE_V1,e7c021b865fcd1d49a7c59924ef9c44f0383f301
eaa32fc2-c081-4565-8836-26017cbaf1bd,DELHIVERY,DELHIVERY,INE148O01028,REVIEW_REQUIRED,LOGISTICS,,10,402.950000000000000000,4029.500000000000000000,402950,ANGEL_ONE,2026-10-05 13:57:10+00,2026-10-05 08:27:13+00,63a8fd94-c02b-443e-b981-dad3272165d4,5743963f41ef8d08243ee619c5f15028b3032e6b6d1140435ce789d988628331,3cba122a-680c-4e78-bfa6-ea60b55636da,3c3c0000-0000-4000-8000-000000000001,2026-09-30 02:32:25.196998+00,PORTFOLIOAI_P7_IC1_PORTFOLIO_METHODOLOGY_COVERAGE_V1,e7c021b865fcd1d49a7c59924ef9c44f0383f301
eb3bc12d-6d21-40ec-8bcc-054713ee91b6,ASTRAMICRO,ASTRAMICRO,INE386C01029,REVIEW_REQUIRED,DEFENCE_AEROSPACE,,9,1659.800000000000000000,14938.200000000000000000,1493820,ANGEL_ONE,2026-10-05 13:57:04+00,2026-10-05 08:27:13+00,b2df575c-c0a6-4956-b2ce-955195b16419,bccbfa28732d19fa910b2e91d1807ba03d07f0ea322a88372c37f120a8288375,f3476402-a54c-460d-a463-89b3f364ca74,3c3c0000-0000-4000-8000-000000000001,2026-09-30 02:32:03.11201+00,PORTFOLIOAI_P7_IC1_PORTFOLIO_METHODOLOGY_COVERAGE_V1,e7c021b865fcd1d49a7c59924ef9c44f0383f301
ef6062bb-1e44-4c28-9d3b-a2b0397757e8,IREDA,IREDA,INE202E01016,REVIEW_REQUIRED,NBFC_LENDING,,15,109.380000000000000000,1640.700000000000000000,164070,ANGEL_ONE,2026-10-05 13:56:56+00,2026-10-05 08:27:14.151+00,478574ea-9be4-4a7b-a96b-4e070cdad6f4,36f3287a71326ec87417c2d8bf94db68da326f0f829fba1876b8a49e2093a168,1c6a63bb-e382-437d-aa03-6ae51559a3a2,3c3c0000-0000-4000-8000-000000000001,2026-09-30 02:32:48.848093+00,PORTFOLIOAI_P7_IC1_PORTFOLIO_METHODOLOGY_COVERAGE_V1,e7c021b865fcd1d49a7c59924ef9c44f0383f301
f5c47463-3c6d-4db0-a815-e4301e990213,AUBANK,AUBANK,INE949L01017,REVIEW_REQUIRED,BANK,,5,1033.200000000000000000,5166.000000000000000000,516600,ANGEL_ONE,2026-10-05 13:57:12+00,2026-10-05 08:27:13+00,d656d27b-4cd8-41bf-a043-3af37bfd8bb0,11f086417ad52d538a090366b2c2eecc60bbdc11a766ed0e84b02290c4a2ca40,2aee1f75-addf-45b7-be9c-baa605cb7eeb,3c3c0000-0000-4000-8000-000000000001,2026-09-30 02:32:03.465142+00,PORTFOLIOAI_P7_IC1_PORTFOLIO_METHODOLOGY_COVERAGE_V1,e7c021b865fcd1d49a7c59924ef9c44f0383f301
f77a3b26-13a4-4935-b051-ea5fa61a1d70,EXIDEIND,EXIDEIND,INE302A01020,REVIEW_REQUIRED,AUTO_COMPONENTS,,2,404.900000000000000000,809.800000000000000000,80980,ANGEL_ONE,2026-10-05 13:57:07+00,2026-10-05 08:27:14.151+00,ce2e0ba8-9773-40b9-a336-1c9d726e64d3,8a8968bf0daebf3096a3ab2a4c886a2585e5201fc8e25ca62110489e3f648491,3f8a692c-fdcf-435e-afdf-e1a044df058c,3c3c0000-0000-4000-8000-000000000001,2026-09-30 02:32:28.706421+00,PORTFOLIOAI_P7_IC1_PORTFOLIO_METHODOLOGY_COVERAGE_V1,e7c021b865fcd1d49a7c59924ef9c44f0383f301
fab25835-38a0-4e57-9209-880d43bc131e,GRAVITA,GRAVITA,INE024L01027,REVIEW_REQUIRED,NON_FERROUS_DIVERSIFIED_METALS,,5,1424.500000000000000000,7122.500000000000000000,712250,ANGEL_ONE,2026-10-05 13:57:11+00,2026-10-05 08:27:14.151+00,80cfc024-1f20-48cc-82c1-4644e5e89f5f,81f78966d36e6e8d7605f25b7dc795793f85a7a8d664863f7fc9b4110eca93a5,b4efdc06-ea13-4427-958a-c66ecef6b0a4,3c3c0000-0000-4000-8000-000000000001,2026-09-30 02:32:31.423133+00,PORTFOLIOAI_P7_IC1_PORTFOLIO_METHODOLOGY_COVERAGE_V1,e7c021b865fcd1d49a7c59924ef9c44f0383f301
fccdb05a-de17-441f-942d-add1a8a07f92,M&M,M&M,INE101A01026,REVIEW_REQUIRED,AUTO_OEM,,20,2863.100000000000000000,57262.000000000000000000,5726200,ANGEL_ONE,2026-10-05 13:57:09+00,2026-10-05 08:27:15.298+00,4b150acf-698d-4c6c-a586-acacd0d8c01e,aaf27fff03f70dd3675feecbc47cd8afcec155c23e92fcee16c7439188ae02a1,e890f84f-3125-45ce-97d0-c9e558eecacf,3c3c0000-0000-4000-8000-000000000001,2026-09-30 02:32:58.60837+00,PORTFOLIOAI_P7_IC1_PORTFOLIO_METHODOLOGY_COVERAGE_V1,e7c021b865fcd1d49a7c59924ef9c44f0383f301
fdec39e9-08a7-418d-ae96-9d8ce834d26c,BEL,BEL,INE263A01024,REVIEW_REQUIRED,DEFENCE_AEROSPACE,,70,382.700000000000000000,26789.000000000000000000,2678900,ANGEL_ONE,2026-10-05 13:57:09+00,2026-10-05 08:27:15.298+00,37281d6e-07a7-4373-a651-a41d17a22dca,e1d0988fff3ede1fe79289e009dea68803344be59c6d5a65db8c3f6a35317dff,cd28ebf2-4052-4256-be4d-a7f1a46b5779,3c3c0000-0000-4000-8000-000000000001,2026-09-30 02:32:05.954744+00,PORTFOLIOAI_P7_IC1_PORTFOLIO_METHODOLOGY_COVERAGE_V1,e7c021b865fcd1d49a7c59924ef9c44f0383f301
