historical_identity_id,event_date,boundary_date,boundary_kind,action_types,sources,reasons
002d47a7-0ba0-5d99-9901-64ebccc8134e,2026-06-08,2026-06-08,PRICE_AND_TOTAL_RETURN_BOUNDARY,RIGHTS,NORMALIZATION,rights entitlement/premium/face-value terms are incomplete
015c4c0a-4e2b-50e7-912b-fca35d69b4fb,2025-10-14,2025-10-14,PRICE_AND_TOTAL_RETURN_BOUNDARY,DEMERGER,NORMALIZATION,successor entitlement and valuation lineage are not explicit in the source observation
06f2de8d-c02d-541b-a060-04082045605e,2026-09-02,2026-09-02,PRICE_AND_TOTAL_RETURN_BOUNDARY,DEMERGER,NORMALIZATION,successor entitlement and valuation lineage are not explicit in the source observation
077c9da2-0175-5867-87da-b9832c4a9edd,2026-09-18,2026-09-18,TOTAL_RETURN_BOUNDARY,CASH_DIVIDEND,FACTOR,DIVIDEND: exact historical-identity-bound previous/ex-date R2 price pair unavailable
07b8da16-0e29-5037-8600-90b07454a67a,2024-10-25,2024-10-25,PRICE_AND_TOTAL_RETURN_BOUNDARY,RIGHTS,FACTOR,"RIGHTS: subscription terms are normalized, but deterministic rights-price treatment is not owner-approved"
087a3e86-6a52-54ef-a9b7-f543129686d7,2024-03-15,2024-03-15,PRICE_AND_TOTAL_RETURN_BOUNDARY,RIGHTS,FACTOR,"RIGHTS: subscription terms are normalized, but deterministic rights-price treatment is not owner-approved"
08f0878d-bf21-5000-83b8-d23ac477d5f1,2025-11-17,2025-11-17,PRICE_AND_TOTAL_RETURN_BOUNDARY,RIGHTS,FACTOR,"RIGHTS: subscription terms are normalized, but deterministic rights-price treatment is not owner-approved"
0967b35c-82ad-54dd-aaa4-493b8d082e72,2025-07-15,2025-07-15,PRICE_AND_TOTAL_RETURN_BOUNDARY,RIGHTS,FACTOR,"RIGHTS: subscription terms are normalized, but deterministic rights-price treatment is not owner-approved"
0b0e8e9d-ecd9-5304-9133-501cf5af10e9,2024-07-01,2024-07-01,PRICE_AND_TOTAL_RETURN_BOUNDARY,DEMERGER,NORMALIZATION,successor entitlement and valuation lineage are not explicit in the source observation
0b5b8547-4abb-50b3-b289-194dc473d428,2024-05-14,2024-05-15,PRICE_AND_TOTAL_RETURN_BOUNDARY,RIGHTS,FACTOR,"RIGHTS: subscription terms are normalized, but deterministic rights-price treatment is not owner-approved"
0b89ba40-f424-54a0-bdfd-56158cba8e82,2024-09-13,2025-04-25,TOTAL_RETURN_BOUNDARY,CASH_DIVIDEND,FACTOR,DIVIDEND: exact historical-identity-bound previous/ex-date R2 price pair unavailable
0d89613b-c793-5bab-a798-3a075310c10d,2026-08-06,2026-08-06,PRICE_AND_TOTAL_RETURN_BOUNDARY,RIGHTS,FACTOR,"RIGHTS: subscription terms are normalized, but deterministic rights-price treatment is not owner-approved"
0f4edd5c-5281-5946-ac68-110ddf82ea06,2025-04-15,2025-04-15,PRICE_AND_TOTAL_RETURN_BOUNDARY,DEMERGER,NORMALIZATION,successor entitlement and valuation lineage are not explicit in the source observation
0f7e5f5c-d547-5064-b088-a7ca06ed02db,2025-12-23,2025-12-23,PRICE_AND_TOTAL_RETURN_BOUNDARY,RIGHTS,FACTOR,"RIGHTS: subscription terms are normalized, but deterministic rights-price treatment is not owner-approved"
0faa7570-3f00-5561-9776-0aa5ac58b131,2025-09-16,2025-09-16,PRICE_AND_TOTAL_RETURN_BOUNDARY,RIGHTS,FACTOR,"RIGHTS: subscription terms are normalized, but deterministic rights-price treatment is not owner-approved"
10a4acc9-2f87-56f9-8001-7efb117184ad,2025-07-29,2025-07-29,PRICE_AND_TOTAL_RETURN_BOUNDARY,RIGHTS,FACTOR,"RIGHTS: subscription terms are normalized, but deterministic rights-price treatment is not owner-approved"
1598ad2d-b7ce-5ecf-b1ea-19922b8eff1b,2026-02-11,2026-02-11,PRICE_AND_TOTAL_RETURN_BOUNDARY,RIGHTS,FACTOR,"RIGHTS: subscription terms are normalized, but deterministic rights-price treatment is not owner-approved"
161ed245-7e62-5bea-bd45-629dcacad549,2024-01-25,2024-01-25,PRICE_AND_TOTAL_RETURN_BOUNDARY,RIGHTS,FACTOR,"RIGHTS: subscription terms are normalized, but deterministic rights-price treatment is not owner-approved"
19c88a63-3d63-5b9e-a04f-de6aa316bc09,2025-06-05,2025-06-05,PRICE_AND_TOTAL_RETURN_BOUNDARY,RIGHTS,FACTOR,"RIGHTS: subscription terms are normalized, but deterministic rights-price treatment is not owner-approved"
19e67159-dbbe-52ac-b40c-8410df02a845,2024-07-31,2024-10-18,TOTAL_RETURN_BOUNDARY,CASH_DIVIDEND,FACTOR,DIVIDEND: exact historical-identity-bound previous/ex-date R2 price pair unavailable
19e67159-dbbe-52ac-b40c-8410df02a845,2026-09-07,2026-09-07,PRICE_AND_TOTAL_RETURN_BOUNDARY,DEMERGER,NORMALIZATION,successor entitlement and valuation lineage are not explicit in the source observation
1a579de8-04e9-53bc-bcdf-c7f42c7c9fce,2025-07-11,2025-07-11,PRICE_AND_TOTAL_RETURN_BOUNDARY,BONUS;CASH_DIVIDEND,SIMULTANEOUS_EVENT_POLICY,SIMULTANEOUS_CAPITAL_ACTION_AND_DIVIDEND_UNAPPROVED
1b9fb524-c93e-55b7-b65f-df97c9355a4e,2024-11-29,2024-11-29,PRICE_AND_TOTAL_RETURN_BOUNDARY,RIGHTS,NORMALIZATION,rights entitlement/premium/face-value terms are incomplete
1b9fb524-c93e-55b7-b65f-df97c9355a4e,2026-08-20,2026-08-20,PRICE_AND_TOTAL_RETURN_BOUNDARY,RIGHTS,FACTOR,"RIGHTS: subscription terms are normalized, but deterministic rights-price treatment is not owner-approved"
1cf2d277-3429-5482-893f-14678167b2c9,2025-03-19,2025-03-19,TOTAL_RETURN_BOUNDARY,CASH_DIVIDEND,NORMALIZATION,cash amount per share is not explicit
1d26c317-0929-5cc8-92c2-aa41eca09ca2,2024-05-07,2024-05-07,PRICE_AND_TOTAL_RETURN_BOUNDARY,RIGHTS,FACTOR,"RIGHTS: subscription terms are normalized, but deterministic rights-price treatment is not owner-approved"
1e22d9d5-4e6c-55db-85ba-942f725086c2,2024-12-27,2024-12-27,PRICE_AND_TOTAL_RETURN_BOUNDARY,RIGHTS,FACTOR,"RIGHTS: subscription terms are normalized, but deterministic rights-price treatment is not owner-approved"
1ff17bec-eda7-5e2a-a8cb-8e699f476e7f,2024-07-04,2024-07-04,PRICE_AND_TOTAL_RETURN_BOUNDARY,RIGHTS,FACTOR,"RIGHTS: subscription terms are normalized, but deterministic rights-price treatment is not owner-approved"
2116d595-5991-50f1-8aed-7fa265617aac,2024-04-23,2024-04-23,PRICE_AND_TOTAL_RETURN_BOUNDARY,RIGHTS,FACTOR,"RIGHTS: subscription terms are normalized, but deterministic rights-price treatment is not owner-approved"
24d25f60-0f92-5ad7-9e35-8794aa8cd520,2024-04-19,2024-04-19,PRICE_AND_TOTAL_RETURN_BOUNDARY,DEMERGER,NORMALIZATION,successor entitlement and valuation lineage are not explicit in the source observation
24d85e05-481c-5f30-8c47-7e41d048f2df,2024-07-11,2024-07-11,PRICE_AND_TOTAL_RETURN_BOUNDARY,DEMERGER,NORMALIZATION,successor entitlement and valuation lineage are not explicit in the source observation
24d85e05-481c-5f30-8c47-7e41d048f2df,2025-05-14,2025-05-14,PRICE_AND_TOTAL_RETURN_BOUNDARY,DEMERGER,NORMALIZATION,successor entitlement and valuation lineage are not explicit in the source observation
253d0987-fc95-57c1-a498-7a74883ea585,2026-07-31,2026-07-31,PRICE_AND_TOTAL_RETURN_BOUNDARY,DEMERGER,NORMALIZATION,successor entitlement and valuation lineage are not explicit in the source observation
26dbc019-310d-5a5a-b886-1f9a41056d3a,2026-02-06,2026-02-06,PRICE_AND_TOTAL_RETURN_BOUNDARY,DEMERGER,NORMALIZATION,successor entitlement and valuation lineage are not explicit in the source observation
273ba755-9f70-5b8c-8b7f-9f1b21898ec5,2024-02-23,2024-02-23,PRICE_AND_TOTAL_RETURN_BOUNDARY,RIGHTS,FACTOR,"RIGHTS: subscription terms are normalized, but deterministic rights-price treatment is not owner-approved"
273ba755-9f70-5b8c-8b7f-9f1b21898ec5,2025-01-17,2025-01-17,PRICE_AND_TOTAL_RETURN_BOUNDARY,RIGHTS,FACTOR,"RIGHTS: subscription terms are normalized, but deterministic rights-price treatment is not owner-approved"
279cac24-d36f-596b-8095-ccee5cc11deb,2024-08-30,2024-08-30,PRICE_AND_TOTAL_RETURN_BOUNDARY,RIGHTS,FACTOR,"RIGHTS: subscription terms are normalized, but deterministic rights-price treatment is not owner-approved"
279cac24-d36f-596b-8095-ccee5cc11deb,2026-08-25,2026-08-25,PRICE_AND_TOTAL_RETURN_BOUNDARY,RIGHTS,FACTOR,"RIGHTS: subscription terms are normalized, but deterministic rights-price treatment is not owner-approved"
2817f6be-7003-51b5-b3f1-a6a63a6fd8b6,2024-10-11,2024-10-11,PRICE_AND_TOTAL_RETURN_BOUNDARY,DEMERGER,NORMALIZATION,successor entitlement and valuation lineage are not explicit in the source observation
2b3eb3ee-e91b-5906-8d61-fd49738cf741,2025-08-06,2025-08-06,PRICE_AND_TOTAL_RETURN_BOUNDARY,RIGHTS,FACTOR,"RIGHTS: subscription terms are normalized, but deterministic rights-price treatment is not owner-approved"
2be093e4-3cc8-533f-a40f-5dd7f1e076ae,2024-09-20,2024-09-20,PRICE_AND_TOTAL_RETURN_BOUNDARY,BONUS;CASH_DIVIDEND,SIMULTANEOUS_EVENT_POLICY,SIMULTANEOUS_CAPITAL_ACTION_AND_DIVIDEND_UNAPPROVED
2e45e33e-87c4-5e43-9298-f0fdcbea5daa,2024-12-06,2024-12-06,PRICE_AND_TOTAL_RETURN_BOUNDARY,DEMERGER,NORMALIZATION,successor entitlement and valuation lineage are not explicit in the source observation
30d97e6b-a8bb-52c4-a5bf-4e1ef91f1a15,2024-06-19,2024-06-19,PRICE_AND_TOTAL_RETURN_BOUNDARY,RIGHTS,FACTOR,"RIGHTS: subscription terms are normalized, but deterministic rights-price treatment is not owner-approved"
3132db75-ed93-528b-b8d6-453985d159d1,2024-10-07,2024-10-07,PRICE_AND_TOTAL_RETURN_BOUNDARY,RIGHTS,FACTOR,"RIGHTS: subscription terms are normalized, but deterministic rights-price treatment is not owner-approved"
317cafb4-2153-5318-b93b-36e282896f95,2023-12-05,2023-12-05,PRICE_AND_TOTAL_RETURN_BOUNDARY,DEMERGER,FACTOR;NORMALIZATION,DEMERGER: successor entitlement and valuation lineage not proven || successor entitlement and valuation lineage are not explicit in the source observation
338ad98a-92f2-55f3-bdbc-655b866eaac8,2024-05-24,2024-05-24,PRICE_AND_TOTAL_RETURN_BOUNDARY,RIGHTS,FACTOR,"RIGHTS: subscription terms are normalized, but deterministic rights-price treatment is not owner-approved"
3596c591-cb25-5c9c-ad58-980e2987a647,2024-07-16,2024-07-16,PRICE_AND_TOTAL_RETURN_BOUNDARY,RIGHTS,FACTOR,"RIGHTS: subscription terms are normalized, but deterministic rights-price treatment is not owner-approved"
3596c591-cb25-5c9c-ad58-980e2987a647,2025-04-28,2025-04-28,PRICE_AND_TOTAL_RETURN_BOUNDARY,RIGHTS,FACTOR,"RIGHTS: subscription terms are normalized, but deterministic rights-price treatment is not owner-approved"
35a9f602-f191-5e6e-992d-a3facbb84702,2026-03-02,2026-03-02,PRICE_AND_TOTAL_RETURN_BOUNDARY,RIGHTS,FACTOR,"RIGHTS: subscription terms are normalized, but deterministic rights-price treatment is not owner-approved"
392c61b1-4c24-5b21-8803-0e2274a00c97,2025-05-22,2025-05-22,PRICE_AND_TOTAL_RETURN_BOUNDARY,DEMERGER,NORMALIZATION,successor entitlement and valuation lineage are not explicit in the source observation
3ab9b6e2-0778-5fa2-a0c2-db7470ac4500,2024-07-05,2024-07-05,PRICE_AND_TOTAL_RETURN_BOUNDARY,RIGHTS,FACTOR,"RIGHTS: subscription terms are normalized, but deterministic rights-price treatment is not owner-approved"
4437f019-c7ee-5c42-8c9f-469c85454001,2025-03-10,2025-03-10,PRICE_AND_TOTAL_RETURN_BOUNDARY,RIGHTS,FACTOR,"RIGHTS: subscription terms are normalized, but deterministic rights-price treatment is not owner-approved"
445a4e24-1440-58d3-9ad9-e7e194255c00,2024-02-22,2024-02-22,PRICE_AND_TOTAL_RETURN_BOUNDARY,RIGHTS,FACTOR,"RIGHTS: subscription terms are normalized, but deterministic rights-price treatment is not owner-approved"
445a4e24-1440-58d3-9ad9-e7e194255c00,2026-01-05,2026-01-05,PRICE_AND_TOTAL_RETURN_BOUNDARY,RIGHTS,FACTOR,"RIGHTS: subscription terms are normalized, but deterministic rights-price treatment is not owner-approved"
4520cb1a-a6db-5cef-b200-28de77c02443,2024-06-19,2024-06-19,PRICE_AND_TOTAL_RETURN_BOUNDARY,RIGHTS,FACTOR,"RIGHTS: subscription terms are normalized, but deterministic rights-price treatment is not owner-approved"
4520cb1a-a6db-5cef-b200-28de77c02443,2026-02-25,2026-02-25,PRICE_AND_TOTAL_RETURN_BOUNDARY,RIGHTS,FACTOR,"RIGHTS: subscription terms are normalized, but deterministic rights-price treatment is not owner-approved"
45509293-c3b2-5d98-91ea-9433833cd6cf,2026-09-11,2026-09-11,TOTAL_RETURN_BOUNDARY,CASH_DIVIDEND,FACTOR,DIVIDEND: exact historical-identity-bound previous/ex-date R2 price pair unavailable
459fcebd-ce3e-515b-8f4b-77559d46c59c,2026-09-08,2026-09-08,PRICE_AND_TOTAL_RETURN_BOUNDARY,BONUS,NORMALIZATION,bonus ratio is not explicit
46b40dd1-287f-5a66-b678-d979f17a4951,2024-06-20,2024-06-20,PRICE_AND_TOTAL_RETURN_BOUNDARY,RIGHTS,FACTOR,"RIGHTS: subscription terms are normalized, but deterministic rights-price treatment is not owner-approved"
4826147a-2d8f-5fa1-bb58-92496c2f71a4,2025-03-10,2025-03-10,PRICE_AND_TOTAL_RETURN_BOUNDARY,DEMERGER,NORMALIZATION,successor entitlement and valuation lineage are not explicit in the source observation
4926d48e-47bc-54bc-861b-0cd173062095,2026-08-28,2026-08-28,PRICE_AND_TOTAL_RETURN_BOUNDARY,RIGHTS,FACTOR,"RIGHTS: subscription terms are normalized, but deterministic rights-price treatment is not owner-approved"
4c6eaa62-81c3-5ddd-b3be-378d0df44df4,2026-05-07,2026-05-07,PRICE_AND_TOTAL_RETURN_BOUNDARY,RIGHTS,FACTOR,"RIGHTS: subscription terms are normalized, but deterministic rights-price treatment is not owner-approved"
4d1942e0-3c08-5554-b973-80b59f431956,2026-04-30,2026-04-30,PRICE_AND_TOTAL_RETURN_BOUNDARY,DEMERGER,NORMALIZATION,successor entitlement and valuation lineage are not explicit in the source observation
5004396e-f14a-54cd-a1f7-4267d3407e99,2026-03-20,2026-03-20,PRICE_AND_TOTAL_RETURN_BOUNDARY,RIGHTS,FACTOR,"RIGHTS: subscription terms are normalized, but deterministic rights-price treatment is not owner-approved"
511d5517-1f19-5cfe-845c-5ff30411c0a8,2026-02-18,2026-02-18,PRICE_AND_TOTAL_RETURN_BOUNDARY,RIGHTS,FACTOR,"RIGHTS: subscription terms are normalized, but deterministic rights-price treatment is not owner-approved"
51b8c135-5032-59c0-a5ca-16a38cd8089f,2024-09-13,2024-09-13,PRICE_AND_TOTAL_RETURN_BOUNDARY,RIGHTS,FACTOR,"RIGHTS: subscription terms are normalized, but deterministic rights-price treatment is not owner-approved"
51b8c135-5032-59c0-a5ca-16a38cd8089f,2026-02-18,2026-02-18,PRICE_AND_TOTAL_RETURN_BOUNDARY,RIGHTS,FACTOR,"RIGHTS: subscription terms are normalized, but deterministic rights-price treatment is not owner-approved"
53504d62-4691-57c4-ae54-53ce90b838c3,2024-08-22,2024-08-22,PRICE_AND_TOTAL_RETURN_BOUNDARY,RIGHTS,FACTOR,"RIGHTS: subscription terms are normalized, but deterministic rights-price treatment is not owner-approved"
53552825-6215-578c-9c68-39650faa8d39,2024-12-20,2024-12-20,PRICE_AND_TOTAL_RETURN_BOUNDARY,RIGHTS,FACTOR,"RIGHTS: subscription terms are normalized, but deterministic rights-price treatment is not owner-approved"
53c0f76e-5fcf-5c5c-bc92-406ba2964ad5,2024-08-28,2024-08-28,PRICE_AND_TOTAL_RETURN_BOUNDARY,RIGHTS,FACTOR,"RIGHTS: subscription terms are normalized, but deterministic rights-price treatment is not owner-approved"
567ed24e-f4e9-5afa-ac81-4699b9ab5a01,2024-08-02,2024-08-02,PRICE_AND_TOTAL_RETURN_BOUNDARY,DEMERGER,NORMALIZATION,successor entitlement and valuation lineage are not explicit in the source observation
5798a1da-9f0e-5bdb-9df7-d845cd51a23e,2025-02-11,2025-02-11,PRICE_AND_TOTAL_RETURN_BOUNDARY,RIGHTS,FACTOR,"RIGHTS: subscription terms are normalized, but deterministic rights-price treatment is not owner-approved"
58e0b15b-054b-50a4-98e7-3941a10cf060,2025-11-14,2025-11-14,PRICE_AND_TOTAL_RETURN_BOUNDARY,RIGHTS,FACTOR,"RIGHTS: subscription terms are normalized, but deterministic rights-price treatment is not owner-approved"
59dc0b17-37d8-5078-b8b4-21f0c39e4759,2025-03-13,2025-03-13,PRICE_AND_TOTAL_RETURN_BOUNDARY,RIGHTS,FACTOR,"RIGHTS: subscription terms are normalized, but deterministic rights-price treatment is not owner-approved"
5e45a573-daad-5656-b742-7add5d953627,2025-01-15,2025-01-15,PRICE_AND_TOTAL_RETURN_BOUNDARY,RIGHTS,FACTOR,"RIGHTS: subscription terms are normalized, but deterministic rights-price treatment is not owner-approved"
5fef0b3b-ae9b-5065-ba18-3255a1409ea1,2025-10-15,2025-10-15,PRICE_AND_TOTAL_RETURN_BOUNDARY,DEMERGER,NORMALIZATION,successor entitlement and valuation lineage are not explicit in the source observation
62677657-e764-5aac-9b17-379d9a9eb704,2024-05-22,2024-05-27,PRICE_AND_TOTAL_RETURN_BOUNDARY,DEMERGER,NORMALIZATION,successor entitlement and valuation lineage are not explicit in the source observation
62a94220-6e3b-5ac9-ad94-3c7e77c37598,2026-03-11,2026-03-11,PRICE_AND_TOTAL_RETURN_BOUNDARY,RIGHTS,FACTOR,"RIGHTS: subscription terms are normalized, but deterministic rights-price treatment is not owner-approved"
6458ebcb-d414-5dc4-b40b-be41958f0807,2024-05-15,2024-05-15,PRICE_AND_TOTAL_RETURN_BOUNDARY,RIGHTS,FACTOR,"RIGHTS: subscription terms are normalized, but deterministic rights-price treatment is not owner-approved"
659c1a18-eefe-5688-977e-4a0b25995605,2024-06-18,2024-06-18,PRICE_AND_TOTAL_RETURN_BOUNDARY,RIGHTS,FACTOR,"RIGHTS: subscription terms are normalized, but deterministic rights-price treatment is not owner-approved"
659c1a18-eefe-5688-977e-4a0b25995605,2026-08-19,2026-08-19,PRICE_AND_TOTAL_RETURN_BOUNDARY,RIGHTS,FACTOR,"RIGHTS: subscription terms are normalized, but deterministic rights-price treatment is not owner-approved"
68f620ce-533d-571a-8b3d-a37ec969d131,2025-01-08,2025-01-08,PRICE_AND_TOTAL_RETURN_BOUNDARY,RIGHTS,FACTOR,"RIGHTS: subscription terms are normalized, but deterministic rights-price treatment is not owner-approved"
6a790fba-14cb-5ac2-bf47-38e71917c950,2025-12-05,2025-12-05,PRICE_AND_TOTAL_RETURN_BOUNDARY,DEMERGER,NORMALIZATION,successor entitlement and valuation lineage are not explicit in the source observation
6b20737e-9b4c-5c87-8f35-e719ddbdc8db,2025-06-12,2025-06-12,PRICE_AND_TOTAL_RETURN_BOUNDARY,RIGHTS,FACTOR,"RIGHTS: subscription terms are normalized, but deterministic rights-price treatment is not owner-approved"
6bed45d5-4885-5536-8dbc-a132c10e9157,2026-08-06,2026-08-06,PRICE_AND_TOTAL_RETURN_BOUNDARY,RIGHTS,FACTOR,"RIGHTS: subscription terms are normalized, but deterministic rights-price treatment is not owner-approved"
6ca5af75-5798-58c7-9190-868ebb6860c2,2025-09-24,2025-09-24,PRICE_AND_TOTAL_RETURN_BOUNDARY,DEMERGER,NORMALIZATION,successor entitlement and valuation lineage are not explicit in the source observation
6d72b4e8-5f95-52cb-9bc4-d41c60eb888a,2023-11-01,2024-01-05,TOTAL_RETURN_BOUNDARY,CASH_DIVIDEND,FACTOR,DIVIDEND: exact historical-identity-bound previous/ex-date R2 price pair unavailable
6d9059e4-30ad-5cdd-a797-2e37441dcb8e,2023-11-22,2024-01-05,TOTAL_RETURN_BOUNDARY,CASH_DIVIDEND,FACTOR,DIVIDEND: exact historical-identity-bound previous/ex-date R2 price pair unavailable
6d99dd13-9c05-5538-8a08-44be1354dff4,2024-11-26,2024-11-26,PRICE_AND_TOTAL_RETURN_BOUNDARY,RIGHTS,FACTOR,"RIGHTS: subscription terms are normalized, but deterministic rights-price treatment is not owner-approved"
6f8b9fb9-4a8a-5854-a8eb-66ae915f29b5,2025-07-24,2025-07-24,PRICE_AND_TOTAL_RETURN_BOUNDARY,RIGHTS,FACTOR,"RIGHTS: subscription terms are normalized, but deterministic rights-price treatment is not owner-approved"
70664a49-f119-5f47-996d-f0537bac3dd4,2025-05-07,2025-05-07,PRICE_AND_TOTAL_RETURN_BOUNDARY,RIGHTS,FACTOR,"RIGHTS: subscription terms are normalized, but deterministic rights-price treatment is not owner-approved"
7350ade6-41d9-504b-8741-5d13c189bd57,2024-07-16,2024-07-16,PRICE_AND_TOTAL_RETURN_BOUNDARY,RIGHTS,FACTOR,"RIGHTS: subscription terms are normalized, but deterministic rights-price treatment is not owner-approved"
7350ade6-41d9-504b-8741-5d13c189bd57,2025-04-28,2025-04-28,PRICE_AND_TOTAL_RETURN_BOUNDARY,RIGHTS,FACTOR,"RIGHTS: subscription terms are normalized, but deterministic rights-price treatment is not owner-approved"
7517e1a5-5e1c-5359-981b-a5f5b595159f,2024-02-27,2024-02-27,PRICE_AND_TOTAL_RETURN_BOUNDARY,RIGHTS,FACTOR,"RIGHTS: subscription terms are normalized, but deterministic rights-price treatment is not owner-approved"
76b41969-131c-591c-91a7-e4cb65884e90,2024-08-13,2024-08-13,PRICE_AND_TOTAL_RETURN_BOUNDARY,RIGHTS,FACTOR,"RIGHTS: subscription terms are normalized, but deterministic rights-price treatment is not owner-approved"
77787d70-abe4-521e-9de6-f5b03d13f9f6,2026-06-12,2026-06-12,PRICE_AND_TOTAL_RETURN_BOUNDARY,RIGHTS,FACTOR,"RIGHTS: subscription terms are normalized, but deterministic rights-price treatment is not owner-approved"
78cf2af7-a11c-57d4-9fcb-4c51596cb319,2024-01-19,2024-01-19,PRICE_AND_TOTAL_RETURN_BOUNDARY,RIGHTS,FACTOR,"RIGHTS: subscription terms are normalized, but deterministic rights-price treatment is not owner-approved"
793924f8-0215-5ca0-a808-5bf25654a529,2025-07-23,2025-07-23,PRICE_AND_TOTAL_RETURN_BOUNDARY,RIGHTS,FACTOR,"RIGHTS: subscription terms are normalized, but deterministic rights-price treatment is not owner-approved"
7be9f773-7a4c-5427-a5ea-3a4bb8aebc88,2025-12-26,2025-12-26,PRICE_AND_TOTAL_RETURN_BOUNDARY,RIGHTS,FACTOR,"RIGHTS: subscription terms are normalized, but deterministic rights-price treatment is not owner-approved"
7be9f773-7a4c-5427-a5ea-3a4bb8aebc88,2026-02-24,2026-02-24,PRICE_AND_TOTAL_RETURN_BOUNDARY,RIGHTS,FACTOR,"RIGHTS: subscription terms are normalized, but deterministic rights-price treatment is not owner-approved"
7c8ba5bd-8eee-5666-b7f1-d4f98617d68b,2025-10-14,2025-10-14,PRICE_AND_TOTAL_RETURN_BOUNDARY,RIGHTS,FACTOR,"RIGHTS: subscription terms are normalized, but deterministic rights-price treatment is not owner-approved"
7f2ef57f-ddf0-5144-a5e0-bea882d4bfa5,2024-02-01,2024-02-01,PRICE_AND_TOTAL_RETURN_BOUNDARY,RIGHTS,FACTOR,"RIGHTS: subscription terms are normalized, but deterministic rights-price treatment is not owner-approved"
80427bda-0d0b-55a8-8307-c0a6ce463c85,2023-12-14,2023-12-14,PRICE_AND_TOTAL_RETURN_BOUNDARY,RIGHTS,FACTOR,"RIGHTS: subscription terms are normalized, but deterministic rights-price treatment is not owner-approved"
80427bda-0d0b-55a8-8307-c0a6ce463c85,2025-04-28,2025-04-28,PRICE_AND_TOTAL_RETURN_BOUNDARY,RIGHTS,FACTOR,"RIGHTS: subscription terms are normalized, but deterministic rights-price treatment is not owner-approved"
81906f5c-a2ba-53c3-a2c5-cc9b66203961,2025-07-07,2025-07-07,PRICE_AND_TOTAL_RETURN_BOUNDARY,RIGHTS,FACTOR,"RIGHTS: subscription terms are normalized, but deterministic rights-price treatment is not owner-approved"
8256486c-2665-56db-9e46-40eda1bc05ed,2025-08-14,2025-08-14,PRICE_AND_TOTAL_RETURN_BOUNDARY,RIGHTS,FACTOR,"RIGHTS: subscription terms are normalized, but deterministic rights-price treatment is not owner-approved"
8aed3f66-32b0-53ff-8295-58fa72049e2a,2024-03-15,2024-03-15,PRICE_AND_TOTAL_RETURN_BOUNDARY,RIGHTS,FACTOR,"RIGHTS: subscription terms are normalized, but deterministic rights-price treatment is not owner-approved"
8aed3f66-32b0-53ff-8295-58fa72049e2a,2025-12-05,2025-12-05,PRICE_AND_TOTAL_RETURN_BOUNDARY,RIGHTS,FACTOR,"RIGHTS: subscription terms are normalized, but deterministic rights-price treatment is not owner-approved"
8d67a3d1-0821-512b-bb3e-e8636fd9a11c,2025-09-26,2025-09-26,PRICE_AND_TOTAL_RETURN_BOUNDARY,RIGHTS,FACTOR,"RIGHTS: subscription terms are normalized, but deterministic rights-price treatment is not owner-approved"
8da5e1f9-1fd5-5164-b9a4-bb9d8b4e0db7,2024-01-10,2024-01-10,PRICE_AND_TOTAL_RETURN_BOUNDARY,RIGHTS,FACTOR,"RIGHTS: subscription terms are normalized, but deterministic rights-price treatment is not owner-approved"
8de6142a-fdc9-5b96-aeb9-d50394270050,2025-11-12,2025-11-12,PRICE_AND_TOTAL_RETURN_BOUNDARY,DEMERGER,NORMALIZATION,successor entitlement and valuation lineage are not explicit in the source observation
8f1c2d70-c659-5f29-ad75-3b2d01a4dc40,2025-03-20,2025-03-20,PRICE_AND_TOTAL_RETURN_BOUNDARY,RIGHTS,FACTOR,"RIGHTS: subscription terms are normalized, but deterministic rights-price treatment is not owner-approved"
900f29d5-0177-566f-8901-17bb9d3ee9d3,2024-05-07,2024-05-07,PRICE_AND_TOTAL_RETURN_BOUNDARY,RIGHTS,FACTOR,"RIGHTS: subscription terms are normalized, but deterministic rights-price treatment is not owner-approved"
9357fdb4-0a95-555c-8752-34e9e5a7a917,2023-11-20,2024-01-10,TOTAL_RETURN_BOUNDARY,CASH_DIVIDEND,FACTOR,DIVIDEND: exact historical-identity-bound previous/ex-date R2 price pair unavailable
93ab5885-e0b3-5514-b86b-c15ae0ad61d9,2024-01-30,2024-01-30,PRICE_AND_TOTAL_RETURN_BOUNDARY,RIGHTS,FACTOR,"RIGHTS: subscription terms are normalized, but deterministic rights-price treatment is not owner-approved"
94510322-10e4-5b6c-ac6b-102d861e1c10,2025-04-30,2025-04-30,PRICE_AND_TOTAL_RETURN_BOUNDARY,RIGHTS,FACTOR,"RIGHTS: subscription terms are normalized, but deterministic rights-price treatment is not owner-approved"
96278ea7-4906-5dd8-b857-3806cef4d9c3,2024-07-26,2024-07-26,PRICE_AND_TOTAL_RETURN_BOUNDARY,RIGHTS,FACTOR,"RIGHTS: subscription terms are normalized, but deterministic rights-price treatment is not owner-approved"
964e2108-9c05-5821-8412-30564cfeb6d2,2024-09-11,2024-09-11,PRICE_AND_TOTAL_RETURN_BOUNDARY,RIGHTS,FACTOR,"RIGHTS: subscription terms are normalized, but deterministic rights-price treatment is not owner-approved"
98806e20-2483-5b5d-aa82-5cfd3d699581,2024-04-15,2024-04-15,PRICE_AND_TOTAL_RETURN_BOUNDARY,RIGHTS,FACTOR,"RIGHTS: subscription terms are normalized, but deterministic rights-price treatment is not owner-approved"
9942785a-8dd6-5009-adf0-e13a7e70a43f,2026-02-16,2026-02-16,PRICE_AND_TOTAL_RETURN_BOUNDARY,RIGHTS,FACTOR,"RIGHTS: subscription terms are normalized, but deterministic rights-price treatment is not owner-approved"
9a93103e-6fd6-533c-9e74-788a05242795,2026-09-15,2026-09-15,PRICE_AND_TOTAL_RETURN_BOUNDARY,RIGHTS,FACTOR,"RIGHTS: subscription terms are normalized, but deterministic rights-price treatment is not owner-approved"
a0474980-da83-5516-adb1-c6959342c30a,2026-08-25,2026-08-25,PRICE_AND_TOTAL_RETURN_BOUNDARY,RIGHTS,FACTOR,"RIGHTS: subscription terms are normalized, but deterministic rights-price treatment is not owner-approved"
a15ffe8d-33cd-55c8-8525-555e3a7851f1,2024-10-03,2024-10-03,PRICE_AND_TOTAL_RETURN_BOUNDARY,RIGHTS,FACTOR,"RIGHTS: subscription terms are normalized, but deterministic rights-price treatment is not owner-approved"
a5075ed8-a740-5fcb-ab4d-c288414194d5,2025-06-30,2025-06-30,PRICE_AND_TOTAL_RETURN_BOUNDARY,RIGHTS,FACTOR,"RIGHTS: subscription terms are normalized, but deterministic rights-price treatment is not owner-approved"
a611e5c8-93c0-5bbe-a440-5a411056f56a,2024-09-05,2024-09-05,PRICE_AND_TOTAL_RETURN_BOUNDARY,RIGHTS,FACTOR,"RIGHTS: subscription terms are normalized, but deterministic rights-price treatment is not owner-approved"
a6873d56-3959-5ce4-bf54-cf013ad88558,2024-09-20,2024-09-20,PRICE_AND_TOTAL_RETURN_BOUNDARY,DEMERGER,NORMALIZATION,successor entitlement and valuation lineage are not explicit in the source observation
a6f2ee18-c473-550d-bf66-709e79551b20,2025-10-14,2025-10-14,PRICE_AND_TOTAL_RETURN_BOUNDARY,RIGHTS,FACTOR,"RIGHTS: subscription terms are normalized, but deterministic rights-price treatment is not owner-approved"
a99749b1-d9da-5882-9d8d-dc3d6b98243d,2025-04-07,2025-04-07,PRICE_AND_TOTAL_RETURN_BOUNDARY,DEMERGER,NORMALIZATION,successor entitlement and valuation lineage are not explicit in the source observation
aa7d01e7-4cb2-57fb-b111-bfdb6f10ebb1,2026-03-17,2026-03-17,PRICE_AND_TOTAL_RETURN_BOUNDARY,RIGHTS,FACTOR,"RIGHTS: subscription terms are normalized, but deterministic rights-price treatment is not owner-approved"
adbfb37b-c058-53a1-a2f7-11d0308e4a51,2024-09-06,2024-09-06,PRICE_AND_TOTAL_RETURN_BOUNDARY,RIGHTS,FACTOR,"RIGHTS: subscription terms are normalized, but deterministic rights-price treatment is not owner-approved"
af65f053-1d7b-5844-b99c-894f39441856,2026-07-02,2026-07-02,PRICE_AND_TOTAL_RETURN_BOUNDARY,DEMERGER,NORMALIZATION,successor entitlement and valuation lineage are not explicit in the source observation
b22bb9c2-db36-50e1-9c66-2cd72201eb5c,2025-12-17,2025-12-17,PRICE_AND_TOTAL_RETURN_BOUNDARY,RIGHTS,FACTOR,"RIGHTS: subscription terms are normalized, but deterministic rights-price treatment is not owner-approved"
b3590ec8-edc8-57de-8b31-c7ad47c71eb7,2025-05-09,2025-05-09,PRICE_AND_TOTAL_RETURN_BOUNDARY,DEMERGER,NORMALIZATION,successor entitlement and valuation lineage are not explicit in the source observation
b37d27e7-1c90-5b74-8d21-4f15e2517cb1,2025-06-30,2025-06-30,PRICE_AND_TOTAL_RETURN_BOUNDARY,RIGHTS,FACTOR,"RIGHTS: subscription terms are normalized, but deterministic rights-price treatment is not owner-approved"
b65bf9bd-8a84-5570-8e57-8cdd5e1a070b,2024-01-12,2024-01-12,PRICE_AND_TOTAL_RETURN_BOUNDARY,RIGHTS,FACTOR,"RIGHTS: subscription terms are normalized, but deterministic rights-price treatment is not owner-approved"
b8cd64d4-5aac-5376-ba3d-ec33e8b009bb,2025-07-04,2025-07-04,PRICE_AND_TOTAL_RETURN_BOUNDARY,RIGHTS,FACTOR,"RIGHTS: subscription terms are normalized, but deterministic rights-price treatment is not owner-approved"
b93aacca-16fe-54a2-a1ce-2500154b1619,2026-07-02,2026-07-02,PRICE_AND_TOTAL_RETURN_BOUNDARY,RIGHTS,NORMALIZATION,rights entitlement/premium/face-value terms are incomplete
b9aaa1ae-5082-567e-8b2f-483b8ce217f4,2025-04-24,2025-04-24,PRICE_AND_TOTAL_RETURN_BOUNDARY,DEMERGER,NORMALIZATION,successor entitlement and valuation lineage are not explicit in the source observation
b9d399a7-2bd8-525b-a346-29719f0012b6,2024-05-30,2024-05-30,PRICE_AND_TOTAL_RETURN_BOUNDARY,RIGHTS,FACTOR,"RIGHTS: subscription terms are normalized, but deterministic rights-price treatment is not owner-approved"
bbd8941a-451b-578e-861b-ecd1e9f5fd65,2024-05-03,2024-05-03,PRICE_AND_TOTAL_RETURN_BOUNDARY,DEMERGER,NORMALIZATION,successor entitlement and valuation lineage are not explicit in the source observation
bc2c6f30-d962-55c1-8b0e-f0801660ac5f,2024-03-21,2024-03-21,PRICE_AND_TOTAL_RETURN_BOUNDARY,RIGHTS,FACTOR,"RIGHTS: subscription terms are normalized, but deterministic rights-price treatment is not owner-approved"
bc2c6f30-d962-55c1-8b0e-f0801660ac5f,2025-02-10,2025-02-10,PRICE_AND_TOTAL_RETURN_BOUNDARY,RIGHTS,FACTOR,"RIGHTS: subscription terms are normalized, but deterministic rights-price treatment is not owner-approved"
bc9fc8c7-270a-59f8-a1a2-eb178a92d652,2024-08-23,2024-08-23,PRICE_AND_TOTAL_RETURN_BOUNDARY,RIGHTS,FACTOR,"RIGHTS: subscription terms are normalized, but deterministic rights-price treatment is not owner-approved"
c17bb532-32a2-5b05-aa3e-e14931922357,2024-05-22,2024-05-22,TOTAL_RETURN_BOUNDARY,CASH_DIVIDEND,NORMALIZATION,cash amount per share is not explicit
c1d94c62-6ef8-5a4d-ae7c-18feb73e3a72,2024-05-15,2024-05-15,PRICE_AND_TOTAL_RETURN_BOUNDARY,RIGHTS,FACTOR,"RIGHTS: subscription terms are normalized, but deterministic rights-price treatment is not owner-approved"
c2e323d1-96f4-5398-a28f-84d3291d3d53,2025-12-26,2025-12-26,PRICE_AND_TOTAL_RETURN_BOUNDARY,DEMERGER,NORMALIZATION,successor entitlement and valuation lineage are not explicit in the source observation
c338a706-4bec-5672-8108-a86f2b8ad5ac,2024-09-11,2024-09-11,PRICE_AND_TOTAL_RETURN_BOUNDARY,DEMERGER,NORMALIZATION,successor entitlement and valuation lineage are not explicit in the source observation
c338a706-4bec-5672-8108-a86f2b8ad5ac,2025-06-26,2025-06-26,PRICE_AND_TOTAL_RETURN_BOUNDARY,RIGHTS,FACTOR,"RIGHTS: subscription terms are normalized, but deterministic rights-price treatment is not owner-approved"
c35c1103-068e-5932-8f17-b7b5e21cadcd,2025-07-18,2025-07-18,PRICE_AND_TOTAL_RETURN_BOUNDARY,RIGHTS,FACTOR,"RIGHTS: subscription terms are normalized, but deterministic rights-price treatment is not owner-approved"
c5873f41-6b75-5186-8765-d3be12342376,2025-06-06,2025-06-06,PRICE_AND_TOTAL_RETURN_BOUNDARY,DEMERGER,NORMALIZATION,successor entitlement and valuation lineage are not explicit in the source observation
c5d00036-afa9-5dfc-b709-9707b46efe17,2025-12-04,2025-12-04,PRICE_AND_TOTAL_RETURN_BOUNDARY,RIGHTS,FACTOR,"RIGHTS: subscription terms are normalized, but deterministic rights-price treatment is not owner-approved"
cab6bad9-a8c2-53f1-9308-68be39993c8e,2025-07-18,2025-07-18,PRICE_AND_TOTAL_RETURN_BOUNDARY,DEMERGER,NORMALIZATION,successor entitlement and valuation lineage are not explicit in the source observation
cd2742cd-944a-5371-bfae-32781bd8a48e,2025-06-18,2025-06-18,PRICE_AND_TOTAL_RETURN_BOUNDARY,RIGHTS,FACTOR,"RIGHTS: subscription terms are normalized, but deterministic rights-price treatment is not owner-approved"
cd2742cd-944a-5371-bfae-32781bd8a48e,2025-10-10,2025-10-10,PRICE_AND_TOTAL_RETURN_BOUNDARY,RIGHTS,FACTOR,"RIGHTS: subscription terms are normalized, but deterministic rights-price treatment is not owner-approved"
cd4fbf03-1645-5836-adde-a148f016ceef,2025-10-31,2025-10-31,PRICE_AND_TOTAL_RETURN_BOUNDARY,DEMERGER,NORMALIZATION,successor entitlement and valuation lineage are not explicit in the source observation
cd8a4828-f43d-5f2f-88af-053d95d840f2,2024-12-12,2024-12-12,PRICE_AND_TOTAL_RETURN_BOUNDARY,RIGHTS,FACTOR,"RIGHTS: subscription terms are normalized, but deterministic rights-price treatment is not owner-approved"
cecf33cd-e1ed-5941-aa28-fbd86d002974,2026-05-21,2026-05-21,PRICE_AND_TOTAL_RETURN_BOUNDARY,RIGHTS,FACTOR,"RIGHTS: subscription terms are normalized, but deterministic rights-price treatment is not owner-approved"
cfc8338c-5eb5-5398-ab46-4b7cfce73b12,2024-08-14,2024-08-14,PRICE_AND_TOTAL_RETURN_BOUNDARY,RIGHTS,FACTOR,"RIGHTS: subscription terms are normalized, but deterministic rights-price treatment is not owner-approved"
d159bb5c-1702-52e2-8d6c-01baea30c0cd,2025-05-23,2025-05-23,PRICE_AND_TOTAL_RETURN_BOUNDARY,RIGHTS,FACTOR,"RIGHTS: subscription terms are normalized, but deterministic rights-price treatment is not owner-approved"
d3348ec5-ae7c-5b0a-ac42-b823513802cc,2026-05-27,2026-05-27,PRICE_AND_TOTAL_RETURN_BOUNDARY,RIGHTS,FACTOR,"RIGHTS: subscription terms are normalized, but deterministic rights-price treatment is not owner-approved"
d93c5404-6216-5691-b495-29383dde08a5,2025-08-25,2025-08-25,PRICE_AND_TOTAL_RETURN_BOUNDARY,BONUS,NORMALIZATION,bonus ratio is not explicit
dca95a22-0c36-5060-be56-fd368e132887,2024-07-15,2024-07-15,TOTAL_RETURN_BOUNDARY,CASH_DIVIDEND,NORMALIZATION,cash amount per share is not explicit
dca95a22-0c36-5060-be56-fd368e132887,2026-08-21,2026-08-21,PRICE_AND_TOTAL_RETURN_BOUNDARY,BONUS,NORMALIZATION,bonus ratio is not explicit
dfdd7f24-6215-5548-a6fc-55c1c3880d48,2025-08-22,2025-08-22,PRICE_AND_TOTAL_RETURN_BOUNDARY,RIGHTS,FACTOR,"RIGHTS: subscription terms are normalized, but deterministic rights-price treatment is not owner-approved"
e0364e16-cafe-5fe9-a797-06a219672681,2025-12-12,2025-12-12,PRICE_AND_TOTAL_RETURN_BOUNDARY,RIGHTS,FACTOR,"RIGHTS: subscription terms are normalized, but deterministic rights-price treatment is not owner-approved"
e0eb74f9-4829-5162-a937-d85ba4cb8243,2024-03-22,2024-03-26,PRICE_AND_TOTAL_RETURN_BOUNDARY,RIGHTS,FACTOR,"RIGHTS: subscription terms are normalized, but deterministic rights-price treatment is not owner-approved"
e0eb74f9-4829-5162-a937-d85ba4cb8243,2026-03-23,2026-03-23,PRICE_AND_TOTAL_RETURN_BOUNDARY,RIGHTS,FACTOR,"RIGHTS: subscription terms are normalized, but deterministic rights-price treatment is not owner-approved"
e1d1c3a2-0167-5ff9-8780-133e553f2ecf,2025-05-09,2025-05-09,PRICE_AND_TOTAL_RETURN_BOUNDARY,DEMERGER,NORMALIZATION,successor entitlement and valuation lineage are not explicit in the source observation
e23dc756-3330-5372-92f1-cdd490ee9007,2025-11-17,2025-11-17,PRICE_AND_TOTAL_RETURN_BOUNDARY,RIGHTS,FACTOR,"RIGHTS: subscription terms are normalized, but deterministic rights-price treatment is not owner-approved"
e2f6700e-6a0b-5ec2-8611-ba6b61ca460f,2026-08-25,2026-08-25,PRICE_AND_TOTAL_RETURN_BOUNDARY,RIGHTS,NORMALIZATION,rights entitlement/premium/face-value terms are incomplete
e326b4cc-0b72-5172-aed8-f9a0623aae50,2023-11-28,2023-11-28,PRICE_AND_TOTAL_RETURN_BOUNDARY,RIGHTS,FACTOR,"RIGHTS: subscription terms are normalized, but deterministic rights-price treatment is not owner-approved"
e326b4cc-0b72-5172-aed8-f9a0623aae50,2024-06-25,2024-06-25,PRICE_AND_TOTAL_RETURN_BOUNDARY,RIGHTS,FACTOR,"RIGHTS: subscription terms are normalized, but deterministic rights-price treatment is not owner-approved"
e326b4cc-0b72-5172-aed8-f9a0623aae50,2025-05-23,2025-05-23,PRICE_AND_TOTAL_RETURN_BOUNDARY,RIGHTS,FACTOR,"RIGHTS: subscription terms are normalized, but deterministic rights-price treatment is not owner-approved"
e40edbfb-3887-5729-be23-b43762b849ab,2024-06-13,2024-06-13,PRICE_AND_TOTAL_RETURN_BOUNDARY,DEMERGER,NORMALIZATION,successor entitlement and valuation lineage are not explicit in the source observation
e87a4d65-cb35-5c2a-a3bd-600260a4361d,2024-09-13,2024-09-13,PRICE_AND_TOTAL_RETURN_BOUNDARY,RIGHTS,FACTOR,"RIGHTS: subscription terms are normalized, but deterministic rights-price treatment is not owner-approved"
ecde9719-4ff2-504b-8d8f-ff70668fb7a2,2024-07-16,2024-07-16,PRICE_AND_TOTAL_RETURN_BOUNDARY,RIGHTS,FACTOR,"RIGHTS: subscription terms are normalized, but deterministic rights-price treatment is not owner-approved"
ecde9719-4ff2-504b-8d8f-ff70668fb7a2,2025-11-19,2025-11-19,PRICE_AND_TOTAL_RETURN_BOUNDARY,RIGHTS,FACTOR,"RIGHTS: subscription terms are normalized, but deterministic rights-price treatment is not owner-approved"
ee7e7b8d-93a2-5587-93a3-2ee1a00ad0c0,2025-04-29,2025-04-29,PRICE_AND_TOTAL_RETURN_BOUNDARY,RIGHTS,FACTOR,"RIGHTS: subscription terms are normalized, but deterministic rights-price treatment is not owner-approved"
eed8097c-cefe-59e5-bdbf-9962ffb35997,2025-04-04,2025-04-04,PRICE_AND_TOTAL_RETURN_BOUNDARY,RIGHTS,FACTOR,"RIGHTS: subscription terms are normalized, but deterministic rights-price treatment is not owner-approved"
eeec275c-96ba-5fd1-b827-3f5dd1c40ea1,2025-03-24,2025-03-24,PRICE_AND_TOTAL_RETURN_BOUNDARY,RIGHTS,FACTOR,"RIGHTS: subscription terms are normalized, but deterministic rights-price treatment is not owner-approved"
f0dc7b75-9b33-588f-a170-1cff320a96ac,2024-05-31,2024-05-31,PRICE_AND_TOTAL_RETURN_BOUNDARY,RIGHTS,FACTOR,"RIGHTS: subscription terms are normalized, but deterministic rights-price treatment is not owner-approved"
f0dc7b75-9b33-588f-a170-1cff320a96ac,2026-05-20,2026-05-20,PRICE_AND_TOTAL_RETURN_BOUNDARY,RIGHTS,FACTOR,"RIGHTS: subscription terms are normalized, but deterministic rights-price treatment is not owner-approved"
f3b4ae39-9544-5793-a49c-fb4bf82bcb14,2024-08-13,2024-08-13,PRICE_AND_TOTAL_RETURN_BOUNDARY,BONUS;CASH_DIVIDEND,SIMULTANEOUS_EVENT_POLICY,SIMULTANEOUS_CAPITAL_ACTION_AND_DIVIDEND_UNAPPROVED
f599be81-25a6-55ad-98e5-91b36d597b66,2025-05-14,2025-05-14,PRICE_AND_TOTAL_RETURN_BOUNDARY,RIGHTS,FACTOR,"RIGHTS: subscription terms are normalized, but deterministic rights-price treatment is not owner-approved"
f66656c6-2d16-5d91-8a4f-0974746c0712,2025-07-25,2025-07-25,PRICE_AND_TOTAL_RETURN_BOUNDARY,RIGHTS,FACTOR,"RIGHTS: subscription terms are normalized, but deterministic rights-price treatment is not owner-approved"
f71daf81-db08-5902-9a3c-f737569cd894,2025-08-01,2025-08-01,PRICE_AND_TOTAL_RETURN_BOUNDARY,RIGHTS,FACTOR,"RIGHTS: subscription terms are normalized, but deterministic rights-price treatment is not owner-approved"
f75f4084-0ca8-5171-a7d0-c82f90522afe,2025-01-06,2025-01-06,PRICE_AND_TOTAL_RETURN_BOUNDARY,DEMERGER,NORMALIZATION,successor entitlement and valuation lineage are not explicit in the source observation
f901e6ea-e5da-5242-9246-329faeb1c553,2024-01-22,2024-01-23,TOTAL_RETURN_BOUNDARY,CASH_DIVIDEND,FACTOR,DIVIDEND: effective date is not a proven raw-price trading date
faa3bc34-358d-537d-9965-b20ce8a66186,2026-07-22,2026-07-22,PRICE_AND_TOTAL_RETURN_BOUNDARY,DEMERGER,NORMALIZATION,successor entitlement and valuation lineage are not explicit in the source observation
fbb82dfe-0f6d-5bca-a8be-da2fe62ee82e,2025-07-04,2025-07-04,PRICE_AND_TOTAL_RETURN_BOUNDARY,RIGHTS,FACTOR,"RIGHTS: subscription terms are normalized, but deterministic rights-price treatment is not owner-approved"
fe4a6fce-22c7-5174-8bb4-c028edbe5243,2024-12-06,2024-12-06,PRICE_AND_TOTAL_RETURN_BOUNDARY,RIGHTS,FACTOR,"RIGHTS: subscription terms are normalized, but deterministic rights-price treatment is not owner-approved"
ff458dcd-9952-55d8-ab3a-eab677dc679c,2025-09-12,2025-09-12,PRICE_AND_TOTAL_RETURN_BOUNDARY,RIGHTS,FACTOR,"RIGHTS: subscription terms are normalized, but deterministic rights-price treatment is not owner-approved"
