sequence,execution_window_id,original_group_id,original_batch_id,security_id,symbol,recorded_profile,recorded_subprofile,frozen_value_paise,remediation_115_overlap,execution_status,assignment_verification
1,PILOT_BANKING_13_FROZEN,G01,G01-L01-B01,6771f493-c29a-477e-8cc8-2bede0941e44,BANKBARODA,BANK,,5257800,True,NOT_EXECUTED,PENDING_EFFECTIVE_ASSIGNMENT_CHECK
2,PILOT_BANKING_13_FROZEN,G01,G01-L01-B01,5760ce4e-97ac-40ef-af3b-d2a5dce596cf,ICICIBANK,BANK,,3449160,True,NOT_EXECUTED,PENDING_EFFECTIVE_ASSIGNMENT_CHECK
3,PILOT_BANKING_13_FROZEN,G01,G01-L01-B01,d77abadc-d171-49d9-bfee-0b34dd0281f4,SBIN,BANK,,3176580,False,NOT_EXECUTED,PENDING_EFFECTIVE_ASSIGNMENT_CHECK
4,PILOT_BANKING_13_FROZEN,G01,G01-L01-B01,63889b52-85da-4a1b-9046-c1e975819f99,FEDERALBNK,BANK,,1638750,True,NOT_EXECUTED,PENDING_EFFECTIVE_ASSIGNMENT_CHECK
5,PILOT_BANKING_13_FROZEN,G01,G01-L01-B01,be55b3cc-0400-45af-84aa-2a95e2c361c5,KARURVYSYA,BANK,,1397070,False,NOT_EXECUTED,PENDING_EFFECTIVE_ASSIGNMENT_CHECK
6,PILOT_BANKING_13_FROZEN,G01,G01-L01-B01,05744a34-415b-4084-b832-ce3436ba0694,KOTAKBANK,BANK,,1254150,False,NOT_EXECUTED,PENDING_EFFECTIVE_ASSIGNMENT_CHECK
7,PILOT_BANKING_13_FROZEN,G01,G01-L01-B01,b47b007d-1990-4504-a5a2-4391c07687c5,HDFCBANK,BANK,,1202325,True,NOT_EXECUTED,PENDING_EFFECTIVE_ASSIGNMENT_CHECK
8,PILOT_BANKING_13_FROZEN,G20,G20-L01-B01,b330c9fe-ae35-469a-9975-d5af26843b1c,AXISBANK,BANK,,864640,True,NOT_EXECUTED,PENDING_EFFECTIVE_ASSIGNMENT_CHECK
9,PILOT_BANKING_13_FROZEN,G20,G20-L01-B01,ba340b06-fd44-4d80-9ce7-d280616354ed,IDFCFIRSTB,BANK,,591912,True,NOT_EXECUTED,PENDING_EFFECTIVE_ASSIGNMENT_CHECK
10,PILOT_BANKING_13_FROZEN,G20,G20-L01-B01,30ce066a-6410-4b11-9b85-e41324971261,BANDHANBNK,BANK,,425075,True,NOT_EXECUTED,PENDING_EFFECTIVE_ASSIGNMENT_CHECK
11,PILOT_BANKING_13_FROZEN,G20,G20-L01-B01,a5639446-3238-4e08-9d02-59bc529982db,IDBI,BANK,,173920,True,NOT_EXECUTED,PENDING_EFFECTIVE_ASSIGNMENT_CHECK
12,PILOT_BANKING_13_FROZEN,G46,G46-L01-B01,5275dd14-35ba-4feb-94d8-f8d1facb19d3,INDIANB,BANK,,565880,True,NOT_EXECUTED,PENDING_EFFECTIVE_ASSIGNMENT_CHECK
13,PILOT_BANKING_13_FROZEN,G48,G48-L01-B01,f5c47463-3c6d-4db0-a815-e4301e990213,AUBANK,BANK,,516600,True,NOT_EXECUTED,PENDING_EFFECTIVE_ASSIGNMENT_CHECK
14,FROZEN_G02,G02,G02-L01-B01,7202b7b7-237c-439b-936d-c75bab806678,TDPOWERSYS,CAPITAL_EQUIPMENT_ELECTRICAL,,5250560,False,NOT_EXECUTED,PENDING_EFFECTIVE_ASSIGNMENT_CHECK
15,FROZEN_G02,G02,G02-L01-B01,87132afb-e054-4ba2-adae-dc325637c001,AVALON,CAPITAL_EQUIPMENT_ELECTRICAL,,3177160,True,NOT_EXECUTED,PENDING_EFFECTIVE_ASSIGNMENT_CHECK
16,FROZEN_G02,G02,G02-L01-B01,5643737c-3c55-472d-af20-59d3121d6b9c,CGPOWER,CAPITAL_EQUIPMENT_ELECTRICAL,,1236410,True,NOT_EXECUTED,PENDING_EFFECTIVE_ASSIGNMENT_CHECK
17,FROZEN_G03,G03,G03-L01-B01,8d0db594-078d-4663-bfcd-ba8e3cf1ec32,MTARTECH,DEFENCE_AEROSPACE,,3840000,False,NOT_EXECUTED,PENDING_EFFECTIVE_ASSIGNMENT_CHECK
18,FROZEN_G03,G03,G03-L01-B01,fdec39e9-08a7-418d-ae96-9d8ce834d26c,BEL,DEFENCE_AEROSPACE,,2678900,True,NOT_EXECUTED,PENDING_EFFECTIVE_ASSIGNMENT_CHECK
19,FROZEN_G03,G03,G03-L01-B01,eb3bc12d-6d21-40ec-8bcc-054713ee91b6,ASTRAMICRO,DEFENCE_AEROSPACE,,1493820,True,NOT_EXECUTED,PENDING_EFFECTIVE_ASSIGNMENT_CHECK
20,FROZEN_G03,G03,G03-L01-B01,4cd44d45-e5c6-4696-9744-25c19f44ac8e,DATAPATTNS,DEFENCE_AEROSPACE,,847400,True,NOT_EXECUTED,PENDING_EFFECTIVE_ASSIGNMENT_CHECK
21,FROZEN_G04,G04,G04-L01-B01,77f3f9a4-62e0-4b36-8e73-09e1e281ecbf,TITAN,JEWELLERY,,4581000,False,NOT_EXECUTED,PENDING_EFFECTIVE_ASSIGNMENT_CHECK
22,FROZEN_G04,G04,G04-L01-B01,3cf38a68-6c5b-42b4-861d-0df520c9bb4a,SKYGOLD,JEWELLERY,,1667900,False,NOT_EXECUTED,PENDING_EFFECTIVE_ASSIGNMENT_CHECK
23,FROZEN_G04,G04,G04-L01-B01,e1a9c51f-1d3a-4939-85eb-f2bfb9de1cd2,KALYANKJIL,JEWELLERY,,1618345,False,NOT_EXECUTED,PENDING_EFFECTIVE_ASSIGNMENT_CHECK
24,FROZEN_G05,G05,G05-L01-B01,fccdb05a-de17-441f-942d-add1a8a07f92,M&M,AUTO_OEM,,5726200,False,NOT_EXECUTED,PENDING_EFFECTIVE_ASSIGNMENT_CHECK
25,FROZEN_G06,G06,G06-L01-B01,9c577a90-f930-4d16-8bae-2d3f52698069,GLENMARK,PHARMA,GLOBAL_GENERICS,1602860,True,NOT_EXECUTED,PENDING_EFFECTIVE_ASSIGNMENT_CHECK
26,FROZEN_G06,G06,G06-L01-B01,af35913f-9aa6-44b0-b50f-1f35902ffac2,CAPLIPOINT,PHARMA,GLOBAL_GENERICS,1570860,True,NOT_EXECUTED,PENDING_EFFECTIVE_ASSIGNMENT_CHECK
27,FROZEN_G06,G06,G06-L01-B01,8a9e5286-a857-4cd9-8eda-e82378482ff6,CIPLA,PHARMA,GLOBAL_GENERICS,1202490,True,NOT_EXECUTED,PENDING_EFFECTIVE_ASSIGNMENT_CHECK
28,FROZEN_G06,G06,G06-L01-B01,3268daa2-a50a-4333-8f5e-9ce78d3e5270,AUROPHARMA,PHARMA,GLOBAL_GENERICS,670200,True,NOT_EXECUTED,PENDING_EFFECTIVE_ASSIGNMENT_CHECK
29,FROZEN_G06,G06,G06-L01-B01,61d141a2-b37b-473f-b912-bf2ba373e5c7,EMCURE,PHARMA,GLOBAL_GENERICS,389100,True,NOT_EXECUTED,PENDING_EFFECTIVE_ASSIGNMENT_CHECK
30,FROZEN_G07,G07,G07-L01-B01,26f75601-2e62-4272-8c49-f1475bb15dae,WABAG,ENVIRONMENTAL_SERVICES,,5373000,False,NOT_EXECUTED,PENDING_EFFECTIVE_ASSIGNMENT_CHECK
31,FROZEN_G08,G08,G08-L01-B01,d9c3bd06-63dd-4272-8408-1ced7ec9faa6,YATHARTH,HOSPITAL,,3232320,False,NOT_EXECUTED,PENDING_EFFECTIVE_ASSIGNMENT_CHECK
32,FROZEN_G08,G08,G08-L01-B01,c5e9bbb7-e37d-4a7f-9978-dfd0ca8d3f63,NH,HOSPITAL,,2071800,False,NOT_EXECUTED,PENDING_EFFECTIVE_ASSIGNMENT_CHECK
33,FROZEN_G09,G09,G09-L01-B01,da69b3eb-0343-44f8-912c-288b826118cc,TORNTPHARM,PHARMA,DOMESTIC_FORMULATIONS,2852220,False,NOT_EXECUTED,PENDING_EFFECTIVE_ASSIGNMENT_CHECK
34,FROZEN_G09,G09,G09-L01-B01,28c1c81b-f581-4a52-b303-34ad4030275c,MANKIND,PHARMA,DOMESTIC_FORMULATIONS,1985120,False,NOT_EXECUTED,PENDING_EFFECTIVE_ASSIGNMENT_CHECK
35,FROZEN_G10,G10,G10-L01-B01,9e6ac437-78f3-4d22-9e66-76ecea1bd4f7,PERSISTENT,IT_SERVICES,,1666650,False,NOT_EXECUTED,PENDING_EFFECTIVE_ASSIGNMENT_CHECK
36,FROZEN_G10,G10,G10-L01-B01,0d324841-f9bf-45b8-a772-0793e19526eb,NETWEB,IT_SERVICES,,1428570,False,NOT_EXECUTED,PENDING_EFFECTIVE_ASSIGNMENT_CHECK
37,FROZEN_G10,G10,G10-L01-B01,5aa0fc8f-da21-4468-aac8-c0b5bec17669,BBOX,IT_SERVICES,,892485,True,NOT_EXECUTED,PENDING_EFFECTIVE_ASSIGNMENT_CHECK
38,FROZEN_G10,G10,G10-L01-B01,ba7b2673-39d9-47ec-b2b2-cd19922aec36,INFY,IT_SERVICES,,203730,True,NOT_EXECUTED,PENDING_EFFECTIVE_ASSIGNMENT_CHECK
39,FROZEN_G10,G10,G10-L01-B01,2a875b8b-3cd6-4f1f-90e0-cc32ab0fec90,KPITTECH,IT_SERVICES,,148200,False,NOT_EXECUTED,PENDING_EFFECTIVE_ASSIGNMENT_CHECK
40,FROZEN_G10,G10,G10-L01-B01,c27b3997-f74b-432e-8b17-0837cce4c2fc,HEXT,IT_SERVICES,,49540,True,NOT_EXECUTED,PENDING_EFFECTIVE_ASSIGNMENT_CHECK
41,FROZEN_G11,G11,G11-L01-B01,d5dde2b5-fc2d-451d-b7ab-a3be1fc1c9bb,LAURUSLABS,PHARMA,API_BULK_DRUGS,2555540,False,NOT_EXECUTED,PENDING_EFFECTIVE_ASSIGNMENT_CHECK
42,FROZEN_G11,G11,G11-L01-B01,5f77f860-4818-45f5-a241-30d467066c49,SUPRIYA,PHARMA,API_BULK_DRUGS,1331025,False,NOT_EXECUTED,PENDING_EFFECTIVE_ASSIGNMENT_CHECK
43,FROZEN_G12,G12,G12-L01-B01,84455cdf-46f9-48d3-a323-8b46ef8cd9f6,USHAMART,CAPITAL_EQUIPMENT_ELECTRICAL,,1515750,False,NOT_EXECUTED,PENDING_EFFECTIVE_ASSIGNMENT_CHECK
44,FROZEN_G12,G12,G12-L01-B01,a9520a7e-e19d-461c-a819-f08e16022c28,ASTRAL,CAPITAL_EQUIPMENT_ELECTRICAL,,814200,True,NOT_EXECUTED,PENDING_EFFECTIVE_ASSIGNMENT_CHECK
45,FROZEN_G12,G12,G12-L01-B01,9e54e6a0-b1ba-46ca-91d2-8eddcb85a5ec,APLAPOLLO,CAPITAL_EQUIPMENT_ELECTRICAL,,628200,True,NOT_EXECUTED,PENDING_EFFECTIVE_ASSIGNMENT_CHECK
46,FROZEN_G12,G12,G12-L01-B01,536a43df-2b25-420c-b307-0cad6d62c7d0,EPL,CAPITAL_EQUIPMENT_ELECTRICAL,,398650,True,NOT_EXECUTED,PENDING_EFFECTIVE_ASSIGNMENT_CHECK
47,FROZEN_G12,G12,G12-L01-B01,85ad787f-607a-4439-a6db-9b65b03195f1,GOODLUCK,CAPITAL_EQUIPMENT_ELECTRICAL,,290040,True,NOT_EXECUTED,PENDING_EFFECTIVE_ASSIGNMENT_CHECK
48,FROZEN_G12,G12,G12-L02-B01,80aa69b4-1b40-476d-a8f2-ac509a129300,JTLIND,INDUSTRIAL_PRODUCTS,,231579,True,NOT_EXECUTED,PENDING_EFFECTIVE_ASSIGNMENT_CHECK
49,FROZEN_G13,G13,G13-L01-B01,5433d79a-69bb-4531-af0d-e38a918245ec,SONACOMS,AUTO_COMPONENTS,,1757360,False,NOT_EXECUTED,PENDING_EFFECTIVE_ASSIGNMENT_CHECK
50,FROZEN_G13,G13,G13-L01-B01,9d28c14f-9035-4028-a8d7-128886031b00,MOTHERSON,AUTO_COMPONENTS,,965650,False,NOT_EXECUTED,PENDING_EFFECTIVE_ASSIGNMENT_CHECK
51,FROZEN_G13,G13,G13-L01-B01,348077cc-8eaa-4bdd-9251-e168d7e9c5ed,ENDURANCE,AUTO_COMPONENTS,,757080,True,NOT_EXECUTED,PENDING_EFFECTIVE_ASSIGNMENT_CHECK
52,FROZEN_G13,G13,G13-L01-B01,f77a3b26-13a4-4935-b051-ea5fa61a1d70,EXIDEIND,AUTO_COMPONENTS,,80980,True,NOT_EXECUTED,PENDING_EFFECTIVE_ASSIGNMENT_CHECK
53,FROZEN_G14,G14,G14-L01-B01,85efb777-de6a-4465-9f4f-7a51b9b65bc2,LT,PROJECT_EPC,,2238300,False,NOT_EXECUTED,PENDING_EFFECTIVE_ASSIGNMENT_CHECK
54,FROZEN_G14,G14,G14-L01-B01,c18ef8b9-f515-4d76-bf34-5b368f457c9a,KPIL,PROJECT_EPC,,1112000,False,NOT_EXECUTED,PENDING_EFFECTIVE_ASSIGNMENT_CHECK
55,FROZEN_G15,G15,G15-L01-B01,8b105349-46e4-4a42-9d89-54306d26a81d,NAM-INDIA,CAPITAL_MARKETS_AMC,,1373060,False,NOT_EXECUTED,PENDING_EFFECTIVE_ASSIGNMENT_CHECK
56,FROZEN_G15,G15,G15-L01-B01,dbe682c2-9ebd-44ef-827d-c386b103222d,ICICIAMC,CAPITAL_MARKETS_AMC,,919740,True,NOT_EXECUTED,PENDING_EFFECTIVE_ASSIGNMENT_CHECK
57,FROZEN_G15,G15,G15-L01-B01,7bc3f24e-0802-4464-ad8f-348dd8c8de57,HDFCAMC,CAPITAL_MARKETS_AMC,,470780,True,NOT_EXECUTED,PENDING_EFFECTIVE_ASSIGNMENT_CHECK
58,FROZEN_G16,G16,G16-L01-B01,0a8c43be-cc13-4376-8e87-7af1ac9c0e76,SYRMA,CAPITAL_EQUIPMENT_ELECTRICAL,,2208310,False,NOT_EXECUTED,PENDING_EFFECTIVE_ASSIGNMENT_CHECK
59,FROZEN_G16,G16,G16-L01-B01,1b95d282-328b-408c-8fed-6b52b7544b05,WAAREEENER,CAPITAL_EQUIPMENT_ELECTRICAL,,469280,False,NOT_EXECUTED,PENDING_EFFECTIVE_ASSIGNMENT_CHECK
60,FROZEN_G17,G17,G17-L01-B01,81ac2bfc-bb2b-44eb-9f36-dcc3de29b16f,INDHOTEL,HOSPITALITY_LEISURE,,1446200,True,NOT_EXECUTED,PENDING_EFFECTIVE_ASSIGNMENT_CHECK
61,FROZEN_G17,G17,G17-L01-B01,8874186e-a6bc-49eb-9163-28cae2b31dd6,JUBLFOOD,HOSPITALITY_LEISURE,,445450,True,NOT_EXECUTED,PENDING_EFFECTIVE_ASSIGNMENT_CHECK
62,FROZEN_G17,G17,G17-L01-B01,d8c32eab-90ce-4202-9d44-6534d4d13e5e,ITCHOTELS,HOSPITALITY_LEISURE,,413582,True,NOT_EXECUTED,PENDING_EFFECTIVE_ASSIGNMENT_CHECK
63,FROZEN_G18,G18,G18-L01-B01,142f3023-ca8d-4f46-a42d-ba0d06c7a4c7,DEEPAKFERT,COMMODITY_PROCESS_CHEMICALS,,2212890,True,NOT_EXECUTED,PENDING_EFFECTIVE_ASSIGNMENT_CHECK
64,FROZEN_G19,G19,G19-L01-B01,ceca07c4-c14a-49c4-8add-fbc3e69ec89b,GRASIM,CEMENT_BUILDING_MATERIALS,,2086420,True,NOT_EXECUTED,PENDING_EFFECTIVE_ASSIGNMENT_CHECK
65,FROZEN_G21,G21,G21-L01-B01,04dd96b3-6772-4871-b52d-60c4a162efe8,RELIANCE,INTEGRATED_REFINING_PETCHEM,,1544010,False,NOT_EXECUTED,PENDING_EFFECTIVE_ASSIGNMENT_CHECK
66,FROZEN_G22,G22,G22-L01-B01,3833b30d-f007-486a-afd4-d44d313f8e99,ABCAPITAL,FINANCIAL_HOLDING_COMPANY,,1319325,True,NOT_EXECUTED,PENDING_EFFECTIVE_ASSIGNMENT_CHECK
67,FROZEN_G22,G22,G22-L01-B01,db90cabf-5c5d-44a8-9da3-798368e2b458,JIOFIN,FINANCIAL_HOLDING_COMPANY,,211800,True,NOT_EXECUTED,PENDING_EFFECTIVE_ASSIGNMENT_CHECK
68,FROZEN_G23,G23,G23-L01-B01,0758f9b1-e2ef-4d20-8a54-f9bbb4826a90,PAYTM,FINTECH_PLATFORM,,1514880,False,NOT_EXECUTED,PENDING_EFFECTIVE_ASSIGNMENT_CHECK
69,FROZEN_G24,G24,G24-L01-B01,af7fdb13-3ed4-489c-800d-5ab12e08c1c0,ETERNAL,RETAIL_COMMERCE,,771120,True,NOT_EXECUTED,PENDING_EFFECTIVE_ASSIGNMENT_CHECK
70,FROZEN_G24,G24,G24-L01-B01,00e60a7c-0bb1-4c04-8eea-e5e0fc039bdb,DMART,RETAIL_COMMERCE,,720360,True,NOT_EXECUTED,PENDING_EFFECTIVE_ASSIGNMENT_CHECK
71,FROZEN_G25,G25,G25-L01-B01,9d40f5c8-4beb-4304-98c9-929980929f59,MFSL,INSURANCE,,1486540,False,NOT_EXECUTED,PENDING_EFFECTIVE_ASSIGNMENT_CHECK
72,FROZEN_G26,G26,G26-L01-B01,01922190-3635-4057-b6b6-36bab37637cb,DEEPINDS,OIL_OPERATIONS,,1343340,True,NOT_EXECUTED,PENDING_EFFECTIVE_ASSIGNMENT_CHECK
73,FROZEN_G27,G27,G27-L01-B01,13582fb2-7c6c-4fcd-a2cd-253c86a79efb,JINDALSTEL,STEEL_FERROUS,,1314600,True,NOT_EXECUTED,PENDING_EFFECTIVE_ASSIGNMENT_CHECK
74,FROZEN_G28,G28,G28-L01-B01,d2ac8d11-68a9-4cf8-8476-139b0495ab7d,HINDZINC,NON_FERROUS_DIVERSIFIED_METALS,,846375,True,NOT_EXECUTED,PENDING_EFFECTIVE_ASSIGNMENT_CHECK
75,FROZEN_G28,G28,G28-L01-B01,dc15f48d-36d7-461f-a5ba-87604c75cef7,HINDCOPPER,NON_FERROUS_DIVERSIFIED_METALS,,332500,True,NOT_EXECUTED,PENDING_EFFECTIVE_ASSIGNMENT_CHECK
76,FROZEN_G29,G29,G29-L01-B01,b2d907e5-f8a1-4755-9fec-0cbbbd0e247f,ANANTRAJ,REAL_ESTATE_DEVELOPER,,1122330,True,NOT_EXECUTED,PENDING_EFFECTIVE_ASSIGNMENT_CHECK
77,FROZEN_G30,G30,G30-L02-B01,5b9171f3-d8cb-4b24-8432-1905b214915a,ACMESOLAR,RENEWABLE_IPP,,601160,True,NOT_EXECUTED,PENDING_EFFECTIVE_ASSIGNMENT_CHECK
78,FROZEN_G30,G30,G30-L01-B01,819fde8b-75bc-4327-b456-bce1a8b7a63f,JSWENERGY,GENERATION_INTEGRATED_UTILITY,,440505,True,NOT_EXECUTED,PENDING_EFFECTIVE_ASSIGNMENT_CHECK
79,FROZEN_G31,G31,G31-L01-B01,89b62217-7cf7-4fd6-ba43-31f3b78c1929,HINDALCO,NON_FERROUS_DIVERSIFIED_METALS,,942700,True,NOT_EXECUTED,PENDING_EFFECTIVE_ASSIGNMENT_CHECK
80,FROZEN_G32,G32,G32-L01-B01,ae52fe71-8ded-4e7c-9a9c-d09efd600826,TVSMOTOR,AUTO_OEM,,802620,False,NOT_EXECUTED,PENDING_EFFECTIVE_ASSIGNMENT_CHECK
81,FROZEN_G33,G33,G33-L01-B01,89d94355-8c96-4d21-8bb7-1e3bcf096a93,AKUMS,PHARMA,CDMO_CRAMS,404050,True,NOT_EXECUTED,PENDING_EFFECTIVE_ASSIGNMENT_CHECK
82,FROZEN_G33,G33,G33-L01-B01,91520c5a-60a2-4719-9a5e-eeb3da6df18c,JUBLPHARMA,PHARMA,CDMO_CRAMS,394920,True,NOT_EXECUTED,PENDING_EFFECTIVE_ASSIGNMENT_CHECK
83,FROZEN_G34,G34,G34-L01-B01,39844b75-4a2e-4aca-a8c9-9f9ce078734a,ECLERX,IT_BPM_SERVICES,,751080,True,NOT_EXECUTED,PENDING_EFFECTIVE_ASSIGNMENT_CHECK
84,FROZEN_G35,G35,G35-L01-B01,80a64fe7-8dcd-4c6c-8093-fd6b6ee1606a,CGCL,NBFC_LENDING,,743520,True,NOT_EXECUTED,PENDING_EFFECTIVE_ASSIGNMENT_CHECK
85,FROZEN_G36,G36,G36-L01-B01,fab25835-38a0-4e57-9209-880d43bc131e,GRAVITA,NON_FERROUS_DIVERSIFIED_METALS,,712250,True,NOT_EXECUTED,PENDING_EFFECTIVE_ASSIGNMENT_CHECK
86,FROZEN_G37,G37,G37-L01-B01,0c94c922-356c-41e0-b503-3de0e315eb23,IKS,IT_BPM_SERVICES,,709520,True,NOT_EXECUTED,PENDING_EFFECTIVE_ASSIGNMENT_CHECK
87,FROZEN_G38,G38,G38-L01-B01,dd22c8e2-bb46-4176-a308-fab7afccf3e3,CAMS,CAPITAL_MARKETS_AMC,,687400,True,NOT_EXECUTED,PENDING_EFFECTIVE_ASSIGNMENT_CHECK
88,FROZEN_G39,G39,G39-L01-B01,c45b0c4f-ad18-48a8-bb7c-5cf88f6e2da2,KAYNES,INDUSTRIAL_PRODUCTS,,685640,False,NOT_EXECUTED,PENDING_EFFECTIVE_ASSIGNMENT_CHECK
89,FROZEN_G40,G40,G40-L01-B01,1c205f01-6864-4628-8613-8580e5211fb9,COROMANDEL,AGRO_FERTILISER,,539160,True,NOT_EXECUTED,PENDING_EFFECTIVE_ASSIGNMENT_CHECK
90,FROZEN_G40,G40,G40-L01-B01,7775968c-3fc7-4d59-8c28-ff8837bfc8d7,IPL,AGRO_FERTILISER,,129190,True,NOT_EXECUTED,PENDING_EFFECTIVE_ASSIGNMENT_CHECK
91,FROZEN_G41,G41,G41-L01-B01,062e06db-2e81-4698-86f0-aa6b90f83853,BLUESTARCO,CONSUMER_DURABLES,,452130,True,NOT_EXECUTED,PENDING_EFFECTIVE_ASSIGNMENT_CHECK
92,FROZEN_G41,G41,G41-L01-B01,4b5237ea-28d4-4320-be0e-3ea0cc5da04a,CROMPTON,CONSUMER_DURABLES,,211720,True,NOT_EXECUTED,PENDING_EFFECTIVE_ASSIGNMENT_CHECK
93,FROZEN_G42,G42,G42-L01-B01,5f9e4c04-44ec-4d01-ae15-180dc1794547,HINDUNILVR,BRANDED_CONSUMER_FMCG,,551340,True,NOT_EXECUTED,PENDING_EFFECTIVE_ASSIGNMENT_CHECK
94,FROZEN_G42,G42,G42-L01-B01,08939466-a3bb-4a59-8605-8917d6a547de,JYOTHYLAB,BRANDED_CONSUMER_FMCG,,90600,True,NOT_EXECUTED,PENDING_EFFECTIVE_ASSIGNMENT_CHECK
95,FROZEN_G43,G43,G43-L01-B01,b034a0c0-27bc-46fd-a0eb-c038004a31aa,ARVIND,TEXTILES_APPAREL,,638040,True,NOT_EXECUTED,PENDING_EFFECTIVE_ASSIGNMENT_CHECK
96,FROZEN_G44,G44,G44-L01-B01,9503c7f0-33f1-42aa-a804-134c848c18fb,EBGNG,IT_DIGITAL_INFRA_HARDWARE,,631485,True,NOT_EXECUTED,PENDING_EFFECTIVE_ASSIGNMENT_CHECK
97,FROZEN_G45,G45,G45-L01-B01,6a3d3238-6e7d-4d3e-8be6-d239764abe45,HYUNDAI,AUTO_OEM,,600630,True,NOT_EXECUTED,PENDING_EFFECTIVE_ASSIGNMENT_CHECK
98,FROZEN_G47,G47,G47-L01-B01,5639e7a2-275a-4c8c-be0b-3e0d59a1ecec,IONEXCHANG,ENVIRONMENTAL_SERVICES,,525590,True,NOT_EXECUTED,PENDING_EFFECTIVE_ASSIGNMENT_CHECK
99,FROZEN_G49,G49,G49-L01-B01,1c038626-26ac-4632-a446-4de7f0fc3245,INDUSTOWER,TELECOM_INFRA,,454800,True,NOT_EXECUTED,PENDING_EFFECTIVE_ASSIGNMENT_CHECK
100,FROZEN_G50,G50,G50-L01-B01,eaa32fc2-c081-4565-8836-26017cbaf1bd,DELHIVERY,LOGISTICS,,402950,True,NOT_EXECUTED,PENDING_EFFECTIVE_ASSIGNMENT_CHECK
101,FROZEN_G51,G51,G51-L01-B01,bfc9de73-b3a2-42d9-9d25-a7f871890ccd,BIOCON,PHARMA,BIOPHARMA_BIOSIMILARS,369300,True,NOT_EXECUTED,PENDING_EFFECTIVE_ASSIGNMENT_CHECK
102,FROZEN_G52,G52,G52-L02-B01,6ba09398-e18c-41d5-af2f-db6fe3d9e591,CCL,BRANDED_CONSUMER_FMCG,,313560,True,NOT_EXECUTED,PENDING_EFFECTIVE_ASSIGNMENT_CHECK
103,FROZEN_G53,G53,G53-L01-B01,b9ec22c1-bb74-4206-8d14-45b1f4b10293,COALINDIA,SOLID_FUELS_MINING,,297185,True,NOT_EXECUTED,PENDING_EFFECTIVE_ASSIGNMENT_CHECK
104,FROZEN_G54,G54,G54-L01-B01,4365b9c2-3dd2-4086-9077-fcf0ec71e6c9,VBL,BRANDED_CONSUMER_FMCG,,261270,False,NOT_EXECUTED,PENDING_EFFECTIVE_ASSIGNMENT_CHECK
105,FROZEN_G55,G55,G55-L01-B01,ef6062bb-1e44-4c28-9d3b-a2b0397757e8,IREDA,NBFC_LENDING,,164070,True,NOT_EXECUTED,PENDING_EFFECTIVE_ASSIGNMENT_CHECK
106,FROZEN_G55,G55,G55-L01-B01,2eda5141-166f-48e3-9f0e-625814ab7019,HUDCO,NBFC_LENDING,,81550,True,NOT_EXECUTED,PENDING_EFFECTIVE_ASSIGNMENT_CHECK
107,FROZEN_G56,G56,G56-L01-B01,25ae050e-8ce0-4c17-9dfc-56fb8202e7b0,BIKAJI,BRANDED_CONSUMER_FMCG,,244600,True,NOT_EXECUTED,PENDING_EFFECTIVE_ASSIGNMENT_CHECK
108,FROZEN_G57,G57,G57-L01-B01,8ef58a96-0896-47c1-859e-69dbb55e37a7,PIIND,AGRO_FERTILISER,,221520,False,NOT_EXECUTED,PENDING_EFFECTIVE_ASSIGNMENT_CHECK
109,FROZEN_G58,G58,G58-L01-B01,c9b5f6f8-76be-435d-bba0-c4432e8441df,BLUEJET,PHARMA,,214800,True,NOT_EXECUTED,PENDING_EFFECTIVE_ASSIGNMENT_CHECK
110,FROZEN_G59,G59,G59-L01-B01,462c3c0e-a356-417d-8e8b-d3aa7b3d7b10,ZAGGLE,IT_SOFTWARE_PRODUCTS_PLATFORMS,,51315,False,NOT_EXECUTED,PENDING_EFFECTIVE_ASSIGNMENT_CHECK
111,FROZEN_G60,G60,G60-L01-B01,e08c0b9e-a2d9-45b4-97b1-49e078869d3b,BLUSPRING,BUSINESS_SERVICES,,43578,True,NOT_EXECUTED,PENDING_EFFECTIVE_ASSIGNMENT_CHECK
