event_version,event_action,security_id,symbol,original_group_id,original_batch_id,pilot_reference_id,frozen_value_paise,verification_state,canonical_snapshot_id,canonical_selection_run_id,blocker_evidence_id,requirement_code,source_record_id,source_payload_hash,review_authority,review_decision,provider_call_count,db_write_count,r2_write_count,selected_readiness,ready_value_contribution_paise,exception_reason,recorded_at,notes
V1_4_BATCH_LEDGER_V1,PLAN_INITIALIZED,6771f493-c29a-477e-8cc8-2bede0941e44,BANKBARODA,G01,G01-L01-B01,,5257800,NOT_EXECUTED,,,,,,,,,0,0,0,,0,,,Frozen cohort plan only; no evidence admission or execution
V1_4_BATCH_LEDGER_V1,PLAN_INITIALIZED,5760ce4e-97ac-40ef-af3b-d2a5dce596cf,ICICIBANK,G01,G01-L01-B01,BANK_CROSS_GROUP_PILOT_V1,3449160,NOT_EXECUTED,,,,,,,,,0,0,0,,0,,,Frozen cohort plan only; no evidence admission or execution
V1_4_BATCH_LEDGER_V1,PLAN_INITIALIZED,d77abadc-d171-49d9-bfee-0b34dd0281f4,SBIN,G01,G01-L01-B01,BANK_CROSS_GROUP_PILOT_V1,3176580,NOT_EXECUTED,,,,,,,,,0,0,0,,0,,,Frozen cohort plan only; no evidence admission or execution
V1_4_BATCH_LEDGER_V1,PLAN_INITIALIZED,63889b52-85da-4a1b-9046-c1e975819f99,FEDERALBNK,G01,G01-L01-B01,,1638750,NOT_EXECUTED,,,,,,,,,0,0,0,,0,,,Frozen cohort plan only; no evidence admission or execution
V1_4_BATCH_LEDGER_V1,PLAN_INITIALIZED,be55b3cc-0400-45af-84aa-2a95e2c361c5,KARURVYSYA,G01,G01-L01-B01,,1397070,NOT_EXECUTED,,,,,,,,,0,0,0,,0,,,Frozen cohort plan only; no evidence admission or execution
V1_4_BATCH_LEDGER_V1,PLAN_INITIALIZED,05744a34-415b-4084-b832-ce3436ba0694,KOTAKBANK,G01,G01-L01-B01,,1254150,NOT_EXECUTED,,,,,,,,,0,0,0,,0,,,Frozen cohort plan only; no evidence admission or execution
V1_4_BATCH_LEDGER_V1,PLAN_INITIALIZED,b47b007d-1990-4504-a5a2-4391c07687c5,HDFCBANK,G01,G01-L01-B01,BANK_CROSS_GROUP_PILOT_V1,1202325,NOT_EXECUTED,,,,,,,,,0,0,0,,0,,,Frozen cohort plan only; no evidence admission or execution
V1_4_BATCH_LEDGER_V1,PLAN_INITIALIZED,7202b7b7-237c-439b-936d-c75bab806678,TDPOWERSYS,G02,G02-L01-B01,,5250560,NOT_EXECUTED,,,,,,,,,0,0,0,,0,,,Frozen cohort plan only; no evidence admission or execution
V1_4_BATCH_LEDGER_V1,PLAN_INITIALIZED,87132afb-e054-4ba2-adae-dc325637c001,AVALON,G02,G02-L01-B01,,3177160,NOT_EXECUTED,,,,,,,,,0,0,0,,0,,,Frozen cohort plan only; no evidence admission or execution
V1_4_BATCH_LEDGER_V1,PLAN_INITIALIZED,5643737c-3c55-472d-af20-59d3121d6b9c,CGPOWER,G02,G02-L01-B01,,1236410,NOT_EXECUTED,,,,,,,,,0,0,0,,0,,,Frozen cohort plan only; no evidence admission or execution
V1_4_BATCH_LEDGER_V1,PLAN_INITIALIZED,8d0db594-078d-4663-bfcd-ba8e3cf1ec32,MTARTECH,G03,G03-L01-B01,,3840000,NOT_EXECUTED,,,,,,,,,0,0,0,,0,,,Frozen cohort plan only; no evidence admission or execution
V1_4_BATCH_LEDGER_V1,PLAN_INITIALIZED,fdec39e9-08a7-418d-ae96-9d8ce834d26c,BEL,G03,G03-L01-B01,,2678900,NOT_EXECUTED,,,,,,,,,0,0,0,,0,,,Frozen cohort plan only; no evidence admission or execution
V1_4_BATCH_LEDGER_V1,PLAN_INITIALIZED,eb3bc12d-6d21-40ec-8bcc-054713ee91b6,ASTRAMICRO,G03,G03-L01-B01,,1493820,NOT_EXECUTED,,,,,,,,,0,0,0,,0,,,Frozen cohort plan only; no evidence admission or execution
V1_4_BATCH_LEDGER_V1,PLAN_INITIALIZED,4cd44d45-e5c6-4696-9744-25c19f44ac8e,DATAPATTNS,G03,G03-L01-B01,,847400,NOT_EXECUTED,,,,,,,,,0,0,0,,0,,,Frozen cohort plan only; no evidence admission or execution
V1_4_BATCH_LEDGER_V1,PLAN_INITIALIZED,77f3f9a4-62e0-4b36-8e73-09e1e281ecbf,TITAN,G04,G04-L01-B01,,4581000,NOT_EXECUTED,,,,,,,,,0,0,0,,0,,,Frozen cohort plan only; no evidence admission or execution
V1_4_BATCH_LEDGER_V1,PLAN_INITIALIZED,3cf38a68-6c5b-42b4-861d-0df520c9bb4a,SKYGOLD,G04,G04-L01-B01,,1667900,NOT_EXECUTED,,,,,,,,,0,0,0,,0,,,Frozen cohort plan only; no evidence admission or execution
V1_4_BATCH_LEDGER_V1,PLAN_INITIALIZED,e1a9c51f-1d3a-4939-85eb-f2bfb9de1cd2,KALYANKJIL,G04,G04-L01-B01,,1618345,NOT_EXECUTED,,,,,,,,,0,0,0,,0,,,Frozen cohort plan only; no evidence admission or execution
V1_4_BATCH_LEDGER_V1,PLAN_INITIALIZED,fccdb05a-de17-441f-942d-add1a8a07f92,M&M,G05,G05-L01-B01,,5726200,NOT_EXECUTED,,,,,,,,,0,0,0,,0,,,Frozen cohort plan only; no evidence admission or execution
V1_4_BATCH_LEDGER_V1,PLAN_INITIALIZED,9c577a90-f930-4d16-8bae-2d3f52698069,GLENMARK,G06,G06-L01-B01,,1602860,NOT_EXECUTED,,,,,,,,,0,0,0,,0,,,Frozen cohort plan only; no evidence admission or execution
V1_4_BATCH_LEDGER_V1,PLAN_INITIALIZED,af35913f-9aa6-44b0-b50f-1f35902ffac2,CAPLIPOINT,G06,G06-L01-B01,,1570860,NOT_EXECUTED,,,,,,,,,0,0,0,,0,,,Frozen cohort plan only; no evidence admission or execution
V1_4_BATCH_LEDGER_V1,PLAN_INITIALIZED,8a9e5286-a857-4cd9-8eda-e82378482ff6,CIPLA,G06,G06-L01-B01,,1202490,NOT_EXECUTED,,,,,,,,,0,0,0,,0,,,Frozen cohort plan only; no evidence admission or execution
V1_4_BATCH_LEDGER_V1,PLAN_INITIALIZED,3268daa2-a50a-4333-8f5e-9ce78d3e5270,AUROPHARMA,G06,G06-L01-B01,,670200,NOT_EXECUTED,,,,,,,,,0,0,0,,0,,,Frozen cohort plan only; no evidence admission or execution
V1_4_BATCH_LEDGER_V1,PLAN_INITIALIZED,61d141a2-b37b-473f-b912-bf2ba373e5c7,EMCURE,G06,G06-L01-B01,,389100,NOT_EXECUTED,,,,,,,,,0,0,0,,0,,,Frozen cohort plan only; no evidence admission or execution
V1_4_BATCH_LEDGER_V1,PLAN_INITIALIZED,26f75601-2e62-4272-8c49-f1475bb15dae,WABAG,G07,G07-L01-B01,,5373000,NOT_EXECUTED,,,,,,,,,0,0,0,,0,,,Frozen cohort plan only; no evidence admission or execution
V1_4_BATCH_LEDGER_V1,PLAN_INITIALIZED,d9c3bd06-63dd-4272-8408-1ced7ec9faa6,YATHARTH,G08,G08-L01-B01,,3232320,NOT_EXECUTED,,,,,,,,,0,0,0,,0,,,Frozen cohort plan only; no evidence admission or execution
V1_4_BATCH_LEDGER_V1,PLAN_INITIALIZED,c5e9bbb7-e37d-4a7f-9978-dfd0ca8d3f63,NH,G08,G08-L01-B01,,2071800,NOT_EXECUTED,,,,,,,,,0,0,0,,0,,,Frozen cohort plan only; no evidence admission or execution
V1_4_BATCH_LEDGER_V1,PLAN_INITIALIZED,da69b3eb-0343-44f8-912c-288b826118cc,TORNTPHARM,G09,G09-L01-B01,,2852220,NOT_EXECUTED,,,,,,,,,0,0,0,,0,,,Frozen cohort plan only; no evidence admission or execution
V1_4_BATCH_LEDGER_V1,PLAN_INITIALIZED,28c1c81b-f581-4a52-b303-34ad4030275c,MANKIND,G09,G09-L01-B01,,1985120,NOT_EXECUTED,,,,,,,,,0,0,0,,0,,,Frozen cohort plan only; no evidence admission or execution
V1_4_BATCH_LEDGER_V1,PLAN_INITIALIZED,9e6ac437-78f3-4d22-9e66-76ecea1bd4f7,PERSISTENT,G10,G10-L01-B01,,1666650,NOT_EXECUTED,,,,,,,,,0,0,0,,0,,,Frozen cohort plan only; no evidence admission or execution
V1_4_BATCH_LEDGER_V1,PLAN_INITIALIZED,0d324841-f9bf-45b8-a772-0793e19526eb,NETWEB,G10,G10-L01-B01,,1428570,NOT_EXECUTED,,,,,,,,,0,0,0,,0,,,Frozen cohort plan only; no evidence admission or execution
V1_4_BATCH_LEDGER_V1,PLAN_INITIALIZED,5aa0fc8f-da21-4468-aac8-c0b5bec17669,BBOX,G10,G10-L01-B01,,892485,NOT_EXECUTED,,,,,,,,,0,0,0,,0,,,Frozen cohort plan only; no evidence admission or execution
V1_4_BATCH_LEDGER_V1,PLAN_INITIALIZED,ba7b2673-39d9-47ec-b2b2-cd19922aec36,INFY,G10,G10-L01-B01,,203730,NOT_EXECUTED,,,,,,,,,0,0,0,,0,,,Frozen cohort plan only; no evidence admission or execution
V1_4_BATCH_LEDGER_V1,PLAN_INITIALIZED,2a875b8b-3cd6-4f1f-90e0-cc32ab0fec90,KPITTECH,G10,G10-L01-B01,,148200,NOT_EXECUTED,,,,,,,,,0,0,0,,0,,,Frozen cohort plan only; no evidence admission or execution
V1_4_BATCH_LEDGER_V1,PLAN_INITIALIZED,c27b3997-f74b-432e-8b17-0837cce4c2fc,HEXT,G10,G10-L01-B01,,49540,NOT_EXECUTED,,,,,,,,,0,0,0,,0,,,Frozen cohort plan only; no evidence admission or execution
V1_4_BATCH_LEDGER_V1,PLAN_INITIALIZED,d5dde2b5-fc2d-451d-b7ab-a3be1fc1c9bb,LAURUSLABS,G11,G11-L01-B01,,2555540,NOT_EXECUTED,,,,,,,,,0,0,0,,0,,,Frozen cohort plan only; no evidence admission or execution
V1_4_BATCH_LEDGER_V1,PLAN_INITIALIZED,5f77f860-4818-45f5-a241-30d467066c49,SUPRIYA,G11,G11-L01-B01,,1331025,NOT_EXECUTED,,,,,,,,,0,0,0,,0,,,Frozen cohort plan only; no evidence admission or execution
V1_4_BATCH_LEDGER_V1,PLAN_INITIALIZED,84455cdf-46f9-48d3-a323-8b46ef8cd9f6,USHAMART,G12,G12-L01-B01,,1515750,NOT_EXECUTED,,,,,,,,,0,0,0,,0,,,Frozen cohort plan only; no evidence admission or execution
V1_4_BATCH_LEDGER_V1,PLAN_INITIALIZED,a9520a7e-e19d-461c-a819-f08e16022c28,ASTRAL,G12,G12-L01-B01,,814200,NOT_EXECUTED,,,,,,,,,0,0,0,,0,,,Frozen cohort plan only; no evidence admission or execution
V1_4_BATCH_LEDGER_V1,PLAN_INITIALIZED,9e54e6a0-b1ba-46ca-91d2-8eddcb85a5ec,APLAPOLLO,G12,G12-L01-B01,,628200,NOT_EXECUTED,,,,,,,,,0,0,0,,0,,,Frozen cohort plan only; no evidence admission or execution
V1_4_BATCH_LEDGER_V1,PLAN_INITIALIZED,536a43df-2b25-420c-b307-0cad6d62c7d0,EPL,G12,G12-L01-B01,,398650,NOT_EXECUTED,,,,,,,,,0,0,0,,0,,,Frozen cohort plan only; no evidence admission or execution
V1_4_BATCH_LEDGER_V1,PLAN_INITIALIZED,85ad787f-607a-4439-a6db-9b65b03195f1,GOODLUCK,G12,G12-L01-B01,,290040,NOT_EXECUTED,,,,,,,,,0,0,0,,0,,,Frozen cohort plan only; no evidence admission or execution
V1_4_BATCH_LEDGER_V1,PLAN_INITIALIZED,80aa69b4-1b40-476d-a8f2-ac509a129300,JTLIND,G12,G12-L02-B01,,231579,NOT_EXECUTED,,,,,,,,,0,0,0,,0,,,Frozen cohort plan only; no evidence admission or execution
V1_4_BATCH_LEDGER_V1,PLAN_INITIALIZED,5433d79a-69bb-4531-af0d-e38a918245ec,SONACOMS,G13,G13-L01-B01,,1757360,NOT_EXECUTED,,,,,,,,,0,0,0,,0,,,Frozen cohort plan only; no evidence admission or execution
V1_4_BATCH_LEDGER_V1,PLAN_INITIALIZED,9d28c14f-9035-4028-a8d7-128886031b00,MOTHERSON,G13,G13-L01-B01,,965650,NOT_EXECUTED,,,,,,,,,0,0,0,,0,,,Frozen cohort plan only; no evidence admission or execution
V1_4_BATCH_LEDGER_V1,PLAN_INITIALIZED,348077cc-8eaa-4bdd-9251-e168d7e9c5ed,ENDURANCE,G13,G13-L01-B01,,757080,NOT_EXECUTED,,,,,,,,,0,0,0,,0,,,Frozen cohort plan only; no evidence admission or execution
V1_4_BATCH_LEDGER_V1,PLAN_INITIALIZED,f77a3b26-13a4-4935-b051-ea5fa61a1d70,EXIDEIND,G13,G13-L01-B01,,80980,NOT_EXECUTED,,,,,,,,,0,0,0,,0,,,Frozen cohort plan only; no evidence admission or execution
V1_4_BATCH_LEDGER_V1,PLAN_INITIALIZED,85efb777-de6a-4465-9f4f-7a51b9b65bc2,LT,G14,G14-L01-B01,,2238300,NOT_EXECUTED,,,,,,,,,0,0,0,,0,,,Frozen cohort plan only; no evidence admission or execution
V1_4_BATCH_LEDGER_V1,PLAN_INITIALIZED,c18ef8b9-f515-4d76-bf34-5b368f457c9a,KPIL,G14,G14-L01-B01,,1112000,NOT_EXECUTED,,,,,,,,,0,0,0,,0,,,Frozen cohort plan only; no evidence admission or execution
V1_4_BATCH_LEDGER_V1,PLAN_INITIALIZED,8b105349-46e4-4a42-9d89-54306d26a81d,NAM-INDIA,G15,G15-L01-B01,,1373060,NOT_EXECUTED,,,,,,,,,0,0,0,,0,,,Frozen cohort plan only; no evidence admission or execution
V1_4_BATCH_LEDGER_V1,PLAN_INITIALIZED,dbe682c2-9ebd-44ef-827d-c386b103222d,ICICIAMC,G15,G15-L01-B01,,919740,NOT_EXECUTED,,,,,,,,,0,0,0,,0,,,Frozen cohort plan only; no evidence admission or execution
V1_4_BATCH_LEDGER_V1,PLAN_INITIALIZED,7bc3f24e-0802-4464-ad8f-348dd8c8de57,HDFCAMC,G15,G15-L01-B01,,470780,NOT_EXECUTED,,,,,,,,,0,0,0,,0,,,Frozen cohort plan only; no evidence admission or execution
V1_4_BATCH_LEDGER_V1,PLAN_INITIALIZED,0a8c43be-cc13-4376-8e87-7af1ac9c0e76,SYRMA,G16,G16-L01-B01,,2208310,NOT_EXECUTED,,,,,,,,,0,0,0,,0,,,Frozen cohort plan only; no evidence admission or execution
V1_4_BATCH_LEDGER_V1,PLAN_INITIALIZED,1b95d282-328b-408c-8fed-6b52b7544b05,WAAREEENER,G16,G16-L01-B01,,469280,NOT_EXECUTED,,,,,,,,,0,0,0,,0,,,Frozen cohort plan only; no evidence admission or execution
V1_4_BATCH_LEDGER_V1,PLAN_INITIALIZED,81ac2bfc-bb2b-44eb-9f36-dcc3de29b16f,INDHOTEL,G17,G17-L01-B01,,1446200,NOT_EXECUTED,,,,,,,,,0,0,0,,0,,,Frozen cohort plan only; no evidence admission or execution
V1_4_BATCH_LEDGER_V1,PLAN_INITIALIZED,8874186e-a6bc-49eb-9163-28cae2b31dd6,JUBLFOOD,G17,G17-L01-B01,,445450,NOT_EXECUTED,,,,,,,,,0,0,0,,0,,,Frozen cohort plan only; no evidence admission or execution
V1_4_BATCH_LEDGER_V1,PLAN_INITIALIZED,d8c32eab-90ce-4202-9d44-6534d4d13e5e,ITCHOTELS,G17,G17-L01-B01,,413582,NOT_EXECUTED,,,,,,,,,0,0,0,,0,,,Frozen cohort plan only; no evidence admission or execution
V1_4_BATCH_LEDGER_V1,PLAN_INITIALIZED,142f3023-ca8d-4f46-a42d-ba0d06c7a4c7,DEEPAKFERT,G18,G18-L01-B01,,2212890,NOT_EXECUTED,,,,,,,,,0,0,0,,0,,,Frozen cohort plan only; no evidence admission or execution
V1_4_BATCH_LEDGER_V1,PLAN_INITIALIZED,ceca07c4-c14a-49c4-8add-fbc3e69ec89b,GRASIM,G19,G19-L01-B01,,2086420,NOT_EXECUTED,,,,,,,,,0,0,0,,0,,,Frozen cohort plan only; no evidence admission or execution
V1_4_BATCH_LEDGER_V1,PLAN_INITIALIZED,b330c9fe-ae35-469a-9975-d5af26843b1c,AXISBANK,G20,G20-L01-B01,,864640,NOT_EXECUTED,,,,,,,,,0,0,0,,0,,,Frozen cohort plan only; no evidence admission or execution
V1_4_BATCH_LEDGER_V1,PLAN_INITIALIZED,ba340b06-fd44-4d80-9ce7-d280616354ed,IDFCFIRSTB,G20,G20-L01-B01,,591912,NOT_EXECUTED,,,,,,,,,0,0,0,,0,,,Frozen cohort plan only; no evidence admission or execution
V1_4_BATCH_LEDGER_V1,PLAN_INITIALIZED,30ce066a-6410-4b11-9b85-e41324971261,BANDHANBNK,G20,G20-L01-B01,BANK_CROSS_GROUP_PILOT_V1,425075,NOT_EXECUTED,,,,,,,,,0,0,0,,0,,,Frozen cohort plan only; no evidence admission or execution
V1_4_BATCH_LEDGER_V1,PLAN_INITIALIZED,a5639446-3238-4e08-9d02-59bc529982db,IDBI,G20,G20-L01-B01,,173920,NOT_EXECUTED,,,,,,,,,0,0,0,,0,,,Frozen cohort plan only; no evidence admission or execution
V1_4_BATCH_LEDGER_V1,PLAN_INITIALIZED,04dd96b3-6772-4871-b52d-60c4a162efe8,RELIANCE,G21,G21-L01-B01,,1544010,NOT_EXECUTED,,,,,,,,,0,0,0,,0,,,Frozen cohort plan only; no evidence admission or execution
V1_4_BATCH_LEDGER_V1,PLAN_INITIALIZED,3833b30d-f007-486a-afd4-d44d313f8e99,ABCAPITAL,G22,G22-L01-B01,,1319325,NOT_EXECUTED,,,,,,,,,0,0,0,,0,,,Frozen cohort plan only; no evidence admission or execution
V1_4_BATCH_LEDGER_V1,PLAN_INITIALIZED,db90cabf-5c5d-44a8-9da3-798368e2b458,JIOFIN,G22,G22-L01-B01,,211800,NOT_EXECUTED,,,,,,,,,0,0,0,,0,,,Frozen cohort plan only; no evidence admission or execution
V1_4_BATCH_LEDGER_V1,PLAN_INITIALIZED,0758f9b1-e2ef-4d20-8a54-f9bbb4826a90,PAYTM,G23,G23-L01-B01,,1514880,NOT_EXECUTED,,,,,,,,,0,0,0,,0,,,Frozen cohort plan only; no evidence admission or execution
V1_4_BATCH_LEDGER_V1,PLAN_INITIALIZED,af7fdb13-3ed4-489c-800d-5ab12e08c1c0,ETERNAL,G24,G24-L01-B01,,771120,NOT_EXECUTED,,,,,,,,,0,0,0,,0,,,Frozen cohort plan only; no evidence admission or execution
V1_4_BATCH_LEDGER_V1,PLAN_INITIALIZED,00e60a7c-0bb1-4c04-8eea-e5e0fc039bdb,DMART,G24,G24-L01-B01,,720360,NOT_EXECUTED,,,,,,,,,0,0,0,,0,,,Frozen cohort plan only; no evidence admission or execution
V1_4_BATCH_LEDGER_V1,PLAN_INITIALIZED,9d40f5c8-4beb-4304-98c9-929980929f59,MFSL,G25,G25-L01-B01,,1486540,NOT_EXECUTED,,,,,,,,,0,0,0,,0,,,Frozen cohort plan only; no evidence admission or execution
V1_4_BATCH_LEDGER_V1,PLAN_INITIALIZED,01922190-3635-4057-b6b6-36bab37637cb,DEEPINDS,G26,G26-L01-B01,,1343340,NOT_EXECUTED,,,,,,,,,0,0,0,,0,,,Frozen cohort plan only; no evidence admission or execution
V1_4_BATCH_LEDGER_V1,PLAN_INITIALIZED,13582fb2-7c6c-4fcd-a2cd-253c86a79efb,JINDALSTEL,G27,G27-L01-B01,,1314600,NOT_EXECUTED,,,,,,,,,0,0,0,,0,,,Frozen cohort plan only; no evidence admission or execution
V1_4_BATCH_LEDGER_V1,PLAN_INITIALIZED,d2ac8d11-68a9-4cf8-8476-139b0495ab7d,HINDZINC,G28,G28-L01-B01,,846375,NOT_EXECUTED,,,,,,,,,0,0,0,,0,,,Frozen cohort plan only; no evidence admission or execution
V1_4_BATCH_LEDGER_V1,PLAN_INITIALIZED,dc15f48d-36d7-461f-a5ba-87604c75cef7,HINDCOPPER,G28,G28-L01-B01,,332500,NOT_EXECUTED,,,,,,,,,0,0,0,,0,,,Frozen cohort plan only; no evidence admission or execution
V1_4_BATCH_LEDGER_V1,PLAN_INITIALIZED,b2d907e5-f8a1-4755-9fec-0cbbbd0e247f,ANANTRAJ,G29,G29-L01-B01,,1122330,NOT_EXECUTED,,,,,,,,,0,0,0,,0,,,Frozen cohort plan only; no evidence admission or execution
V1_4_BATCH_LEDGER_V1,PLAN_INITIALIZED,5b9171f3-d8cb-4b24-8432-1905b214915a,ACMESOLAR,G30,G30-L02-B01,,601160,NOT_EXECUTED,,,,,,,,,0,0,0,,0,,,Frozen cohort plan only; no evidence admission or execution
V1_4_BATCH_LEDGER_V1,PLAN_INITIALIZED,819fde8b-75bc-4327-b456-bce1a8b7a63f,JSWENERGY,G30,G30-L01-B01,,440505,NOT_EXECUTED,,,,,,,,,0,0,0,,0,,,Frozen cohort plan only; no evidence admission or execution
V1_4_BATCH_LEDGER_V1,PLAN_INITIALIZED,89b62217-7cf7-4fd6-ba43-31f3b78c1929,HINDALCO,G31,G31-L01-B01,,942700,NOT_EXECUTED,,,,,,,,,0,0,0,,0,,,Frozen cohort plan only; no evidence admission or execution
V1_4_BATCH_LEDGER_V1,PLAN_INITIALIZED,ae52fe71-8ded-4e7c-9a9c-d09efd600826,TVSMOTOR,G32,G32-L01-B01,,802620,NOT_EXECUTED,,,,,,,,,0,0,0,,0,,,Frozen cohort plan only; no evidence admission or execution
V1_4_BATCH_LEDGER_V1,PLAN_INITIALIZED,89d94355-8c96-4d21-8bb7-1e3bcf096a93,AKUMS,G33,G33-L01-B01,,404050,NOT_EXECUTED,,,,,,,,,0,0,0,,0,,,Frozen cohort plan only; no evidence admission or execution
V1_4_BATCH_LEDGER_V1,PLAN_INITIALIZED,91520c5a-60a2-4719-9a5e-eeb3da6df18c,JUBLPHARMA,G33,G33-L01-B01,,394920,NOT_EXECUTED,,,,,,,,,0,0,0,,0,,,Frozen cohort plan only; no evidence admission or execution
V1_4_BATCH_LEDGER_V1,PLAN_INITIALIZED,39844b75-4a2e-4aca-a8c9-9f9ce078734a,ECLERX,G34,G34-L01-B01,,751080,NOT_EXECUTED,,,,,,,,,0,0,0,,0,,,Frozen cohort plan only; no evidence admission or execution
V1_4_BATCH_LEDGER_V1,PLAN_INITIALIZED,80a64fe7-8dcd-4c6c-8093-fd6b6ee1606a,CGCL,G35,G35-L01-B01,,743520,NOT_EXECUTED,,,,,,,,,0,0,0,,0,,,Frozen cohort plan only; no evidence admission or execution
V1_4_BATCH_LEDGER_V1,PLAN_INITIALIZED,fab25835-38a0-4e57-9209-880d43bc131e,GRAVITA,G36,G36-L01-B01,,712250,NOT_EXECUTED,,,,,,,,,0,0,0,,0,,,Frozen cohort plan only; no evidence admission or execution
V1_4_BATCH_LEDGER_V1,PLAN_INITIALIZED,0c94c922-356c-41e0-b503-3de0e315eb23,IKS,G37,G37-L01-B01,,709520,NOT_EXECUTED,,,,,,,,,0,0,0,,0,,,Frozen cohort plan only; no evidence admission or execution
V1_4_BATCH_LEDGER_V1,PLAN_INITIALIZED,G38-L01-B01,dd22c8e2-bb46-4176-a308-fab7afccf3e3,G38, Clearing Houses and Other Intermediaries",,True,NOT_EXECUTED,,,,,,,,,0,0,0,,0,,,Frozen cohort plan only; no evidence admission or execution
V1_4_BATCH_LEDGER_V1,PLAN_INITIALIZED,c45b0c4f-ad18-48a8-bb7c-5cf88f6e2da2,KAYNES,G39,G39-L01-B01,,685640,NOT_EXECUTED,,,,,,,,,0,0,0,,0,,,Frozen cohort plan only; no evidence admission or execution
V1_4_BATCH_LEDGER_V1,PLAN_INITIALIZED,1c205f01-6864-4628-8613-8580e5211fb9,COROMANDEL,G40,G40-L01-B01,,539160,NOT_EXECUTED,,,,,,,,,0,0,0,,0,,,Frozen cohort plan only; no evidence admission or execution
V1_4_BATCH_LEDGER_V1,PLAN_INITIALIZED,7775968c-3fc7-4d59-8c28-ff8837bfc8d7,IPL,G40,G40-L01-B01,,129190,NOT_EXECUTED,,,,,,,,,0,0,0,,0,,,Frozen cohort plan only; no evidence admission or execution
V1_4_BATCH_LEDGER_V1,PLAN_INITIALIZED,062e06db-2e81-4698-86f0-aa6b90f83853,BLUESTARCO,G41,G41-L01-B01,,452130,NOT_EXECUTED,,,,,,,,,0,0,0,,0,,,Frozen cohort plan only; no evidence admission or execution
V1_4_BATCH_LEDGER_V1,PLAN_INITIALIZED,4b5237ea-28d4-4320-be0e-3ea0cc5da04a,CROMPTON,G41,G41-L01-B01,,211720,NOT_EXECUTED,,,,,,,,,0,0,0,,0,,,Frozen cohort plan only; no evidence admission or execution
V1_4_BATCH_LEDGER_V1,PLAN_INITIALIZED,5f9e4c04-44ec-4d01-ae15-180dc1794547,HINDUNILVR,G42,G42-L01-B01,,551340,NOT_EXECUTED,,,,,,,,,0,0,0,,0,,,Frozen cohort plan only; no evidence admission or execution
V1_4_BATCH_LEDGER_V1,PLAN_INITIALIZED,08939466-a3bb-4a59-8605-8917d6a547de,JYOTHYLAB,G42,G42-L01-B01,,90600,NOT_EXECUTED,,,,,,,,,0,0,0,,0,,,Frozen cohort plan only; no evidence admission or execution
V1_4_BATCH_LEDGER_V1,PLAN_INITIALIZED,b034a0c0-27bc-46fd-a0eb-c038004a31aa,ARVIND,G43,G43-L01-B01,,638040,NOT_EXECUTED,,,,,,,,,0,0,0,,0,,,Frozen cohort plan only; no evidence admission or execution
V1_4_BATCH_LEDGER_V1,PLAN_INITIALIZED,9503c7f0-33f1-42aa-a804-134c848c18fb,EBGNG,G44,G44-L01-B01,,631485,NOT_EXECUTED,,,,,,,,,0,0,0,,0,,,Frozen cohort plan only; no evidence admission or execution
V1_4_BATCH_LEDGER_V1,PLAN_INITIALIZED,6a3d3238-6e7d-4d3e-8be6-d239764abe45,HYUNDAI,G45,G45-L01-B01,,600630,NOT_EXECUTED,,,,,,,,,0,0,0,,0,,,Frozen cohort plan only; no evidence admission or execution
V1_4_BATCH_LEDGER_V1,PLAN_INITIALIZED,5275dd14-35ba-4feb-94d8-f8d1facb19d3,INDIANB,G46,G46-L01-B01,,565880,NOT_EXECUTED,,,,,,,,,0,0,0,,0,,,Frozen cohort plan only; no evidence admission or execution
V1_4_BATCH_LEDGER_V1,PLAN_INITIALIZED,5639e7a2-275a-4c8c-be0b-3e0d59a1ecec,IONEXCHANG,G47,G47-L01-B01,,525590,NOT_EXECUTED,,,,,,,,,0,0,0,,0,,,Frozen cohort plan only; no evidence admission or execution
V1_4_BATCH_LEDGER_V1,PLAN_INITIALIZED,f5c47463-3c6d-4db0-a815-e4301e990213,AUBANK,G48,G48-L01-B01,,516600,NOT_EXECUTED,,,,,,,,,0,0,0,,0,,,Frozen cohort plan only; no evidence admission or execution
V1_4_BATCH_LEDGER_V1,PLAN_INITIALIZED,1c038626-26ac-4632-a446-4de7f0fc3245,INDUSTOWER,G49,G49-L01-B01,,454800,NOT_EXECUTED,,,,,,,,,0,0,0,,0,,,Frozen cohort plan only; no evidence admission or execution
V1_4_BATCH_LEDGER_V1,PLAN_INITIALIZED,eaa32fc2-c081-4565-8836-26017cbaf1bd,DELHIVERY,G50,G50-L01-B01,,402950,NOT_EXECUTED,,,,,,,,,0,0,0,,0,,,Frozen cohort plan only; no evidence admission or execution
V1_4_BATCH_LEDGER_V1,PLAN_INITIALIZED,bfc9de73-b3a2-42d9-9d25-a7f871890ccd,BIOCON,G51,G51-L01-B01,,369300,NOT_EXECUTED,,,,,,,,,0,0,0,,0,,,Frozen cohort plan only; no evidence admission or execution
V1_4_BATCH_LEDGER_V1,PLAN_INITIALIZED,6ba09398-e18c-41d5-af2f-db6fe3d9e591,CCL,G52,G52-L02-B01,,313560,NOT_EXECUTED,,,,,,,,,0,0,0,,0,,,Frozen cohort plan only; no evidence admission or execution
V1_4_BATCH_LEDGER_V1,PLAN_INITIALIZED,b9ec22c1-bb74-4206-8d14-45b1f4b10293,COALINDIA,G53,G53-L01-B01,,297185,NOT_EXECUTED,,,,,,,,,0,0,0,,0,,,Frozen cohort plan only; no evidence admission or execution
V1_4_BATCH_LEDGER_V1,PLAN_INITIALIZED,4365b9c2-3dd2-4086-9077-fcf0ec71e6c9,VBL,G54,G54-L01-B01,,261270,NOT_EXECUTED,,,,,,,,,0,0,0,,0,,,Frozen cohort plan only; no evidence admission or execution
V1_4_BATCH_LEDGER_V1,PLAN_INITIALIZED,ef6062bb-1e44-4c28-9d3b-a2b0397757e8,IREDA,G55,G55-L01-B01,,164070,NOT_EXECUTED,,,,,,,,,0,0,0,,0,,,Frozen cohort plan only; no evidence admission or execution
V1_4_BATCH_LEDGER_V1,PLAN_INITIALIZED,2eda5141-166f-48e3-9f0e-625814ab7019,HUDCO,G55,G55-L01-B01,,81550,NOT_EXECUTED,,,,,,,,,0,0,0,,0,,,Frozen cohort plan only; no evidence admission or execution
V1_4_BATCH_LEDGER_V1,PLAN_INITIALIZED,25ae050e-8ce0-4c17-9dfc-56fb8202e7b0,BIKAJI,G56,G56-L01-B01,,244600,NOT_EXECUTED,,,,,,,,,0,0,0,,0,,,Frozen cohort plan only; no evidence admission or execution
V1_4_BATCH_LEDGER_V1,PLAN_INITIALIZED,8ef58a96-0896-47c1-859e-69dbb55e37a7,PIIND,G57,G57-L01-B01,,221520,NOT_EXECUTED,,,,,,,,,0,0,0,,0,,,Frozen cohort plan only; no evidence admission or execution
V1_4_BATCH_LEDGER_V1,PLAN_INITIALIZED,c9b5f6f8-76be-435d-bba0-c4432e8441df,BLUEJET,G58,G58-L01-B01,,214800,NOT_EXECUTED,,,,,,,,,0,0,0,,0,,,Frozen cohort plan only; no evidence admission or execution
V1_4_BATCH_LEDGER_V1,PLAN_INITIALIZED,462c3c0e-a356-417d-8e8b-d3aa7b3d7b10,ZAGGLE,G59,G59-L01-B01,,51315,NOT_EXECUTED,,,,,,,,,0,0,0,,0,,,Frozen cohort plan only; no evidence admission or execution
V1_4_BATCH_LEDGER_V1,PLAN_INITIALIZED,e08c0b9e-a2d9-45b4-97b1-49e078869d3b,BLUSPRING,G60,G60-L01-B01,,43578,NOT_EXECUTED,,,,,,,,,0,0,0,,0,,,Frozen cohort plan only; no evidence admission or execution
