group_id,planning_industry_group,proposed_batch_id,security_id,symbol,source_industry_label,source_sector_label,recorded_profile,recorded_subprofile,methodology_authority,in_frozen_111,in_remediation_115,frozen_value_paise,assignment_check,current_blockers,validation_outcome
G01,Banks,G01-L01-B01,6771f493-c29a-477e-8cc8-2bede0941e44,BANKBARODA,Banks,Banking,BANK,,BANK_NBFC_STAGE_8_BANK_V1,True,True,5257800,REVERIFY_ACTIVE_REVIEWED_ASSIGNMENT_BEFORE_EXECUTION,TARGETED_REFRESH_REQUIRED_NOT_INFERRED_FROM_OLD_SNAPSHOT,NOT_EXECUTED_BY_THIS_PLAN
G01,Banks,G01-L01-B01,5760ce4e-97ac-40ef-af3b-d2a5dce596cf,ICICIBANK,Banks,Banking,BANK,,BANK_NBFC_STAGE_8_BANK_V1,True,True,3449160,REVERIFY_ACTIVE_REVIEWED_ASSIGNMENT_BEFORE_EXECUTION,TARGETED_REFRESH_REQUIRED_NOT_INFERRED_FROM_OLD_SNAPSHOT,NOT_EXECUTED_BY_THIS_PLAN
G01,Banks,G01-L01-B01,d77abadc-d171-49d9-bfee-0b34dd0281f4,SBIN,Banks,Banking,BANK,,BANK_NBFC_STAGE_8_BANK_V1,True,False,3176580,REVERIFY_ACTIVE_REVIEWED_ASSIGNMENT_BEFORE_EXECUTION,TARGETED_REFRESH_REQUIRED_NOT_INFERRED_FROM_OLD_SNAPSHOT,NOT_EXECUTED_BY_THIS_PLAN
G01,Banks,G01-L01-B01,63889b52-85da-4a1b-9046-c1e975819f99,FEDERALBNK,Banks,Banking,BANK,,BANK_NBFC_STAGE_8_BANK_V1,True,True,1638750,REVERIFY_ACTIVE_REVIEWED_ASSIGNMENT_BEFORE_EXECUTION,TARGETED_REFRESH_REQUIRED_NOT_INFERRED_FROM_OLD_SNAPSHOT,NOT_EXECUTED_BY_THIS_PLAN
G01,Banks,G01-L01-B01,be55b3cc-0400-45af-84aa-2a95e2c361c5,KARURVYSYA,Banks,Banking,BANK,,BANK_NBFC_STAGE_8_BANK_V1,True,False,1397070,REVERIFY_ACTIVE_REVIEWED_ASSIGNMENT_BEFORE_EXECUTION,TARGETED_REFRESH_REQUIRED_NOT_INFERRED_FROM_OLD_SNAPSHOT,NOT_EXECUTED_BY_THIS_PLAN
G01,Banks,G01-L01-B01,05744a34-415b-4084-b832-ce3436ba0694,KOTAKBANK,Banks,Banking,BANK,,BANK_NBFC_STAGE_8_BANK_V1,True,False,1254150,REVERIFY_ACTIVE_REVIEWED_ASSIGNMENT_BEFORE_EXECUTION,TARGETED_REFRESH_REQUIRED_NOT_INFERRED_FROM_OLD_SNAPSHOT,NOT_EXECUTED_BY_THIS_PLAN
G01,Banks,G01-L01-B01,b47b007d-1990-4504-a5a2-4391c07687c5,HDFCBANK,Banks,Banking,BANK,,BANK_NBFC_STAGE_8_BANK_V1,True,True,1202325,REVERIFY_ACTIVE_REVIEWED_ASSIGNMENT_BEFORE_EXECUTION,TARGETED_REFRESH_REQUIRED_NOT_INFERRED_FROM_OLD_SNAPSHOT,NOT_EXECUTED_BY_THIS_PLAN
G02,Heavy Electrical Equipment,G02-L01-B01,7202b7b7-237c-439b-936d-c75bab806678,TDPOWERSYS,Heavy Electrical Equipment,Energy,CAPITAL_EQUIPMENT_ELECTRICAL,,INDUSTRIALS_CAPITAL_GOODS_K4B_SCORING_V1,True,False,5250560,REVERIFY_ACTIVE_REVIEWED_ASSIGNMENT_BEFORE_EXECUTION,TARGETED_REFRESH_REQUIRED_NOT_INFERRED_FROM_OLD_SNAPSHOT,NOT_EXECUTED_BY_THIS_PLAN
G02,Heavy Electrical Equipment,G02-L01-B01,87132afb-e054-4ba2-adae-dc325637c001,AVALON,Heavy Electrical Equipment,Information Technology,CAPITAL_EQUIPMENT_ELECTRICAL,,INDUSTRIALS_CAPITAL_GOODS_K4B_SCORING_V1,True,True,3177160,REVERIFY_ACTIVE_REVIEWED_ASSIGNMENT_BEFORE_EXECUTION,TARGETED_REFRESH_REQUIRED_NOT_INFERRED_FROM_OLD_SNAPSHOT,NOT_EXECUTED_BY_THIS_PLAN
G02,Heavy Electrical Equipment,G02-L01-B01,5643737c-3c55-472d-af20-59d3121d6b9c,CGPOWER,Heavy Electrical Equipment,Capital Goods,CAPITAL_EQUIPMENT_ELECTRICAL,,INDUSTRIALS_CAPITAL_GOODS_K4B_SCORING_V1,True,True,1236410,REVERIFY_ACTIVE_REVIEWED_ASSIGNMENT_BEFORE_EXECUTION,TARGETED_REFRESH_REQUIRED_NOT_INFERRED_FROM_OLD_SNAPSHOT,NOT_EXECUTED_BY_THIS_PLAN
G03,Aerospace & Defence,G03-L01-B01,8d0db594-078d-4663-bfcd-ba8e3cf1ec32,MTARTECH,Aerospace & Defence,Information Technology,DEFENCE_AEROSPACE,,INDUSTRIALS_CAPITAL_GOODS_K4B_SCORING_V1,True,False,3840000,REVERIFY_ACTIVE_REVIEWED_ASSIGNMENT_BEFORE_EXECUTION,TARGETED_REFRESH_REQUIRED_NOT_INFERRED_FROM_OLD_SNAPSHOT,NOT_EXECUTED_BY_THIS_PLAN
G03,Aerospace & Defence,G03-L01-B01,fdec39e9-08a7-418d-ae96-9d8ce834d26c,BEL,Aerospace & Defence,Capital Goods,DEFENCE_AEROSPACE,,INDUSTRIALS_CAPITAL_GOODS_K4B_SCORING_V1,True,True,2678900,REVERIFY_ACTIVE_REVIEWED_ASSIGNMENT_BEFORE_EXECUTION,TARGETED_REFRESH_REQUIRED_NOT_INFERRED_FROM_OLD_SNAPSHOT,NOT_EXECUTED_BY_THIS_PLAN
G03,Aerospace & Defence,G03-L01-B01,eb3bc12d-6d21-40ec-8bcc-054713ee91b6,ASTRAMICRO,Aerospace & Defence,Industrial,DEFENCE_AEROSPACE,,INDUSTRIALS_CAPITAL_GOODS_K4B_SCORING_V1,True,True,1493820,REVERIFY_ACTIVE_REVIEWED_ASSIGNMENT_BEFORE_EXECUTION,TARGETED_REFRESH_REQUIRED_NOT_INFERRED_FROM_OLD_SNAPSHOT,NOT_EXECUTED_BY_THIS_PLAN
G03,Aerospace & Defence,G03-L01-B01,4cd44d45-e5c6-4696-9744-25c19f44ac8e,DATAPATTNS,Aerospace & Defense,Capital Goods,DEFENCE_AEROSPACE,,INDUSTRIALS_CAPITAL_GOODS_K4B_SCORING_V1,True,True,847400,REVERIFY_ACTIVE_REVIEWED_ASSIGNMENT_BEFORE_EXECUTION,TARGETED_REFRESH_REQUIRED_NOT_INFERRED_FROM_OLD_SNAPSHOT,NOT_EXECUTED_BY_THIS_PLAN
G03,Aerospace & Defence,G03-L01-B01,5661e19b-de4b-4ddf-a034-46d6c9f0af8f,GRSE,Aerospace & Defense,Ship Building,DEFENCE_AEROSPACE,,INDUSTRIALS_CAPITAL_GOODS_K4B_SCORING_V1,False,True,,REVERIFY_ACTIVE_REVIEWED_ASSIGNMENT_BEFORE_EXECUTION,TARGETED_REFRESH_REQUIRED_NOT_INFERRED_FROM_OLD_SNAPSHOT,NOT_EXECUTED_BY_THIS_PLAN
G03,Aerospace & Defence,G03-L01-B01,ece0aa93-0d35-4748-9316-dd2eb100ad63,HAL,Aerospace & Defense,Defence,DEFENCE_AEROSPACE,,INDUSTRIALS_CAPITAL_GOODS_K4B_SCORING_V1,False,True,,REVERIFY_ACTIVE_REVIEWED_ASSIGNMENT_BEFORE_EXECUTION,TARGETED_REFRESH_REQUIRED_NOT_INFERRED_FROM_OLD_SNAPSHOT,NOT_EXECUTED_BY_THIS_PLAN
G03,Aerospace & Defence,G03-L01-B01,92fbe654-b418-4f72-b63c-36c57aec095b,ZENTEC,Aerospace & Defense,Capital Goods,DEFENCE_AEROSPACE,,INDUSTRIALS_CAPITAL_GOODS_K4B_SCORING_V1,False,False,,REVERIFY_ACTIVE_REVIEWED_ASSIGNMENT_BEFORE_EXECUTION,TARGETED_REFRESH_REQUIRED_NOT_INFERRED_FROM_OLD_SNAPSHOT,NOT_EXECUTED_BY_THIS_PLAN
G04,Jewellery / watches,G04-L01-B01,77f3f9a4-62e0-4b36-8e73-09e1e281ecbf,TITAN,Gems & Jewellery,Gems and Jewellery,JEWELLERY,,P7_IC1_JEWELLERY_METHODOLOGY_V1,True,False,4581000,REVERIFY_ACTIVE_REVIEWED_ASSIGNMENT_BEFORE_EXECUTION,TARGETED_REFRESH_REQUIRED_NOT_INFERRED_FROM_OLD_SNAPSHOT,NOT_EXECUTED_BY_THIS_PLAN
G04,Jewellery / watches,G04-L01-B01,3cf38a68-6c5b-42b4-861d-0df520c9bb4a,SKYGOLD,Gems & Jewellery,Textiles Apparels & Accessories,JEWELLERY,,P7_IC1_JEWELLERY_METHODOLOGY_V1,True,False,1667900,REVERIFY_ACTIVE_REVIEWED_ASSIGNMENT_BEFORE_EXECUTION,TARGETED_REFRESH_REQUIRED_NOT_INFERRED_FROM_OLD_SNAPSHOT,NOT_EXECUTED_BY_THIS_PLAN
G04,Jewellery / watches,G04-L01-B01,e1a9c51f-1d3a-4939-85eb-f2bfb9de1cd2,KALYANKJIL,Gems & Jewellery,Gems and Jewellery,JEWELLERY,,P7_IC1_JEWELLERY_METHODOLOGY_V1,True,False,1618345,REVERIFY_ACTIVE_REVIEWED_ASSIGNMENT_BEFORE_EXECUTION,TARGETED_REFRESH_REQUIRED_NOT_INFERRED_FROM_OLD_SNAPSHOT,NOT_EXECUTED_BY_THIS_PLAN
G04,Jewellery / watches,G04-L01-B01,136be3f7-8b5a-4b98-8935-119053a9df8e,ETHOSLTD,"Gems, Jewellery And Watches",Consumer Discretionary,JEWELLERY,,P7_IC1_JEWELLERY_METHODOLOGY_V1,False,True,,REVERIFY_ACTIVE_REVIEWED_ASSIGNMENT_BEFORE_EXECUTION,TARGETED_REFRESH_REQUIRED_NOT_INFERRED_FROM_OLD_SNAPSHOT,NOT_EXECUTED_BY_THIS_PLAN
G04,Jewellery / watches,G04-L01-B01,bdd7b1fa-cc3d-40cd-aa67-7b00d5034545,GOLDIAM,"Gems, Jewellery And Watches",Gems and Jewellery,JEWELLERY,,P7_IC1_JEWELLERY_METHODOLOGY_V1,False,True,,REVERIFY_ACTIVE_REVIEWED_ASSIGNMENT_BEFORE_EXECUTION,TARGETED_REFRESH_REQUIRED_NOT_INFERRED_FROM_OLD_SNAPSHOT,NOT_EXECUTED_BY_THIS_PLAN
G04,Jewellery / watches,G04-L01-B01,f86c8d50-0e8d-4925-8b7e-396f1a82fc0b,SENCO,"Gems, Jewellery And Watches",Gems and Jewellery,JEWELLERY,,P7_IC1_JEWELLERY_METHODOLOGY_V1,False,False,,REVERIFY_ACTIVE_REVIEWED_ASSIGNMENT_BEFORE_EXECUTION,TARGETED_REFRESH_REQUIRED_NOT_INFERRED_FROM_OLD_SNAPSHOT,NOT_EXECUTED_BY_THIS_PLAN
G04,Jewellery / watches,G04-L01-B01,8487172d-2455-49c2-a0d9-e684d0924e1f,TBZ,"Gems, Jewellery And Watches",Gems and Jewellery,JEWELLERY,,P7_IC1_JEWELLERY_METHODOLOGY_V1,False,False,,REVERIFY_ACTIVE_REVIEWED_ASSIGNMENT_BEFORE_EXECUTION,TARGETED_REFRESH_REQUIRED_NOT_INFERRED_FROM_OLD_SNAPSHOT,NOT_EXECUTED_BY_THIS_PLAN
G04,Jewellery / watches,G04-L01-B01,8712b32a-34e6-48ef-9fde-f867feb299cf,THANGAMAYL,"Gems, Jewellery And Watches",Gems and Jewellery,JEWELLERY,,P7_IC1_JEWELLERY_METHODOLOGY_V1,False,False,,REVERIFY_ACTIVE_REVIEWED_ASSIGNMENT_BEFORE_EXECUTION,TARGETED_REFRESH_REQUIRED_NOT_INFERRED_FROM_OLD_SNAPSHOT,NOT_EXECUTED_BY_THIS_PLAN
G05,Cars & Utility Vehicles,G05-L01-B01,fccdb05a-de17-441f-942d-add1a8a07f92,M&M,Cars & Utility Vehicles,Automobile and Auto Components,AUTO_OEM,,AUTO_COMPONENTS_K4B_SCORING_V1,True,False,5726200,REVERIFY_ACTIVE_REVIEWED_ASSIGNMENT_BEFORE_EXECUTION,TARGETED_REFRESH_REQUIRED_NOT_INFERRED_FROM_OLD_SNAPSHOT,NOT_EXECUTED_BY_THIS_PLAN
G06,Pharma — GLOBAL_GENERICS,G06-L01-B01,9c577a90-f930-4d16-8bae-2d3f52698069,GLENMARK,Pharmaceuticals,Pharma,PHARMA,GLOBAL_GENERICS,PHARMA_V1_PLUS_REVIEWED_PRIMARY_SUBPROFILE,True,True,1602860,REVERIFY_ACTIVE_REVIEWED_ASSIGNMENT_BEFORE_EXECUTION,TARGETED_REFRESH_REQUIRED_NOT_INFERRED_FROM_OLD_SNAPSHOT,NOT_EXECUTED_BY_THIS_PLAN
G06,Pharma — GLOBAL_GENERICS,G06-L01-B01,af35913f-9aa6-44b0-b50f-1f35902ffac2,CAPLIPOINT,Pharmaceuticals,Pharma,PHARMA,GLOBAL_GENERICS,PHARMA_V1_PLUS_REVIEWED_PRIMARY_SUBPROFILE,True,True,1570860,REVERIFY_ACTIVE_REVIEWED_ASSIGNMENT_BEFORE_EXECUTION,TARGETED_REFRESH_REQUIRED_NOT_INFERRED_FROM_OLD_SNAPSHOT,NOT_EXECUTED_BY_THIS_PLAN
G06,Pharma — GLOBAL_GENERICS,G06-L01-B01,8a9e5286-a857-4cd9-8eda-e82378482ff6,CIPLA,Pharmaceuticals,Pharma,PHARMA,GLOBAL_GENERICS,PHARMA_V1_PLUS_REVIEWED_PRIMARY_SUBPROFILE,True,True,1202490,REVERIFY_ACTIVE_REVIEWED_ASSIGNMENT_BEFORE_EXECUTION,TARGETED_REFRESH_REQUIRED_NOT_INFERRED_FROM_OLD_SNAPSHOT,NOT_EXECUTED_BY_THIS_PLAN
G06,Pharma — GLOBAL_GENERICS,G06-L01-B01,3268daa2-a50a-4333-8f5e-9ce78d3e5270,AUROPHARMA,Pharmaceuticals,Pharma,PHARMA,GLOBAL_GENERICS,PHARMA_V1_PLUS_REVIEWED_PRIMARY_SUBPROFILE,True,True,670200,REVERIFY_ACTIVE_REVIEWED_ASSIGNMENT_BEFORE_EXECUTION,TARGETED_REFRESH_REQUIRED_NOT_INFERRED_FROM_OLD_SNAPSHOT,NOT_EXECUTED_BY_THIS_PLAN
G06,Pharma — GLOBAL_GENERICS,G06-L01-B01,61d141a2-b37b-473f-b912-bf2ba373e5c7,EMCURE,Pharmaceuticals,Pharma,PHARMA,GLOBAL_GENERICS,PHARMA_V1_PLUS_REVIEWED_PRIMARY_SUBPROFILE,True,True,389100,REVERIFY_ACTIVE_REVIEWED_ASSIGNMENT_BEFORE_EXECUTION,TARGETED_REFRESH_REQUIRED_NOT_INFERRED_FROM_OLD_SNAPSHOT,NOT_EXECUTED_BY_THIS_PLAN
G06,Pharma — GLOBAL_GENERICS,G06-L01-B01,0be332d7-4bac-4a00-a630-a3e2bbc10eb4,GRANULES,Pharmaceuticals,Pharma,PHARMA,GLOBAL_GENERICS,PHARMA_V1_PLUS_REVIEWED_PRIMARY_SUBPROFILE,False,True,,REVERIFY_ACTIVE_REVIEWED_ASSIGNMENT_BEFORE_EXECUTION,TARGETED_REFRESH_REQUIRED_NOT_INFERRED_FROM_OLD_SNAPSHOT,NOT_EXECUTED_BY_THIS_PLAN
G06,Pharma — GLOBAL_GENERICS,G06-L01-B01,03e70f50-2475-4b9c-bd8c-ab176228f0a3,LUPIN,Pharmaceuticals,Pharma,PHARMA,GLOBAL_GENERICS,PHARMA_V1_PLUS_REVIEWED_PRIMARY_SUBPROFILE,False,False,,REVERIFY_ACTIVE_REVIEWED_ASSIGNMENT_BEFORE_EXECUTION,TARGETED_REFRESH_REQUIRED_NOT_INFERRED_FROM_OLD_SNAPSHOT,NOT_EXECUTED_BY_THIS_PLAN
G06,Pharma — GLOBAL_GENERICS,G06-L01-B01,b532011d-ff84-4330-8ca5-12114b6ac128,NATCOPHARM,Pharmaceuticals,Pharma,PHARMA,GLOBAL_GENERICS,PHARMA_V1_PLUS_REVIEWED_PRIMARY_SUBPROFILE,False,False,,REVERIFY_ACTIVE_REVIEWED_ASSIGNMENT_BEFORE_EXECUTION,TARGETED_REFRESH_REQUIRED_NOT_INFERRED_FROM_OLD_SNAPSHOT,NOT_EXECUTED_BY_THIS_PLAN
G06,Pharma — GLOBAL_GENERICS,G06-L01-B02,5051995a-2967-4ed1-a164-be1f8b028d05,SUNPHARMA,Pharmaceuticals,Pharma,PHARMA,GLOBAL_GENERICS,PHARMA_V1_PLUS_REVIEWED_PRIMARY_SUBPROFILE,False,False,,REVERIFY_ACTIVE_REVIEWED_ASSIGNMENT_BEFORE_EXECUTION,TARGETED_REFRESH_REQUIRED_NOT_INFERRED_FROM_OLD_SNAPSHOT,NOT_EXECUTED_BY_THIS_PLAN
G06,Pharma — GLOBAL_GENERICS,G06-L01-B02,4ea8568f-efe3-4b37-a715-cc30486c9f0e,WOCKPHARMA,Pharmaceuticals,Pharma,PHARMA,GLOBAL_GENERICS,PHARMA_V1_PLUS_REVIEWED_PRIMARY_SUBPROFILE,False,False,,REVERIFY_ACTIVE_REVIEWED_ASSIGNMENT_BEFORE_EXECUTION,TARGETED_REFRESH_REQUIRED_NOT_INFERRED_FROM_OLD_SNAPSHOT,NOT_EXECUTED_BY_THIS_PLAN
G06,Pharma — GLOBAL_GENERICS,G06-L01-B02,24243bb5-c157-435d-9e90-cef5a2d06dd9,ZYDUSLIFE,Pharmaceuticals,Pharma,PHARMA,GLOBAL_GENERICS,PHARMA_V1_PLUS_REVIEWED_PRIMARY_SUBPROFILE,False,False,,REVERIFY_ACTIVE_REVIEWED_ASSIGNMENT_BEFORE_EXECUTION,TARGETED_REFRESH_REQUIRED_NOT_INFERRED_FROM_OLD_SNAPSHOT,NOT_EXECUTED_BY_THIS_PLAN
G07,Utilities:Non-Electrical,G07-L01-B01,26f75601-2e62-4272-8c49-f1475bb15dae,WABAG,Utilities:Non-Electrical,Waste Managment,ENVIRONMENTAL_SERVICES,,P7_IC1_ENVIRONMENTAL_SERVICES_METHODOLOGY_V1,True,False,5373000,REVERIFY_ACTIVE_REVIEWED_ASSIGNMENT_BEFORE_EXECUTION,TARGETED_REFRESH_REQUIRED_NOT_INFERRED_FROM_OLD_SNAPSHOT,NOT_EXECUTED_BY_THIS_PLAN
G08,Hospital services,G08-L01-B01,d9c3bd06-63dd-4272-8408-1ced7ec9faa6,YATHARTH,Hospital,Healthcare,HOSPITAL,,HEALTHCARE_SERVICES_V1_K4B_SCORING_V1,True,False,3232320,REVERIFY_ACTIVE_REVIEWED_ASSIGNMENT_BEFORE_EXECUTION,TARGETED_REFRESH_REQUIRED_NOT_INFERRED_FROM_OLD_SNAPSHOT,NOT_EXECUTED_BY_THIS_PLAN
G08,Hospital services,G08-L01-B01,c5e9bbb7-e37d-4a7f-9978-dfd0ca8d3f63,NH,Hospital,Healthcare,HOSPITAL,,HEALTHCARE_SERVICES_V1_K4B_SCORING_V1,True,False,2071800,REVERIFY_ACTIVE_REVIEWED_ASSIGNMENT_BEFORE_EXECUTION,TARGETED_REFRESH_REQUIRED_NOT_INFERRED_FROM_OLD_SNAPSHOT,NOT_EXECUTED_BY_THIS_PLAN
G08,Hospital services,G08-L01-B01,5457a4ce-ec0a-43a2-8436-d8e1a330bbd8,FORTIS,Hospital,Healthcare,HOSPITAL,,HEALTHCARE_SERVICES_V1_K4B_SCORING_V1,False,True,,REVERIFY_ACTIVE_REVIEWED_ASSIGNMENT_BEFORE_EXECUTION,TARGETED_REFRESH_REQUIRED_NOT_INFERRED_FROM_OLD_SNAPSHOT,NOT_EXECUTED_BY_THIS_PLAN
G08,Hospital services,G08-L01-B01,6acf47cc-f868-41d3-b37c-1f7a0c29021b,MAXHEALTH,Hospital,Healthcare,HOSPITAL,,HEALTHCARE_SERVICES_V1_K4B_SCORING_V1,False,False,,REVERIFY_ACTIVE_REVIEWED_ASSIGNMENT_BEFORE_EXECUTION,TARGETED_REFRESH_REQUIRED_NOT_INFERRED_FROM_OLD_SNAPSHOT,NOT_EXECUTED_BY_THIS_PLAN
G08,Hospital services,G08-L01-B01,f3bc80e5-9b22-4c06-8e97-b58b26ae6d5e,MEDANTA,Healthcare Facilities,Healthcare,HOSPITAL,,HEALTHCARE_SERVICES_V1_K4B_SCORING_V1,False,False,,REVERIFY_ACTIVE_REVIEWED_ASSIGNMENT_BEFORE_EXECUTION,TARGETED_REFRESH_REQUIRED_NOT_INFERRED_FROM_OLD_SNAPSHOT,NOT_EXECUTED_BY_THIS_PLAN
G09,Pharma — DOMESTIC_FORMULATIONS,G09-L01-B01,da69b3eb-0343-44f8-912c-288b826118cc,TORNTPHARM,Pharmaceuticals,Pharma,PHARMA,DOMESTIC_FORMULATIONS,PHARMA_V1_PLUS_REVIEWED_PRIMARY_SUBPROFILE,True,False,2852220,REVERIFY_ACTIVE_REVIEWED_ASSIGNMENT_BEFORE_EXECUTION,TARGETED_REFRESH_REQUIRED_NOT_INFERRED_FROM_OLD_SNAPSHOT,NOT_EXECUTED_BY_THIS_PLAN
G09,Pharma — DOMESTIC_FORMULATIONS,G09-L01-B01,28c1c81b-f581-4a52-b303-34ad4030275c,MANKIND,Pharmaceuticals,Pharma,PHARMA,DOMESTIC_FORMULATIONS,PHARMA_V1_PLUS_REVIEWED_PRIMARY_SUBPROFILE,True,False,1985120,REVERIFY_ACTIVE_REVIEWED_ASSIGNMENT_BEFORE_EXECUTION,TARGETED_REFRESH_REQUIRED_NOT_INFERRED_FROM_OLD_SNAPSHOT,NOT_EXECUTED_BY_THIS_PLAN
G09,Pharma — DOMESTIC_FORMULATIONS,G09-L01-B01,5c4f255d-6421-4ed3-82c5-bff6437e10e9,ERIS,Pharmaceuticals,Pharma,PHARMA,DOMESTIC_FORMULATIONS,PHARMA_V1_PLUS_REVIEWED_PRIMARY_SUBPROFILE,False,True,,REVERIFY_ACTIVE_REVIEWED_ASSIGNMENT_BEFORE_EXECUTION,TARGETED_REFRESH_REQUIRED_NOT_INFERRED_FROM_OLD_SNAPSHOT,NOT_EXECUTED_BY_THIS_PLAN
G10,IT services / software consulting,G10-L01-B01,9e6ac437-78f3-4d22-9e66-76ecea1bd4f7,PERSISTENT,IT Consulting & Software,Information Technology,IT_SERVICES,,IT_TECH_K4B_SCORING_V1,True,False,1666650,REVERIFY_ACTIVE_REVIEWED_ASSIGNMENT_BEFORE_EXECUTION,TARGETED_REFRESH_REQUIRED_NOT_INFERRED_FROM_OLD_SNAPSHOT,NOT_EXECUTED_BY_THIS_PLAN
G10,IT services / software consulting,G10-L01-B01,0d324841-f9bf-45b8-a772-0793e19526eb,NETWEB,IT Consulting & Software,Information Technology,IT_SERVICES,,IT_TECH_K4B_SCORING_V1,True,False,1428570,REVERIFY_ACTIVE_REVIEWED_ASSIGNMENT_BEFORE_EXECUTION,TARGETED_REFRESH_REQUIRED_NOT_INFERRED_FROM_OLD_SNAPSHOT,NOT_EXECUTED_BY_THIS_PLAN
G10,IT services / software consulting,G10-L01-B01,5aa0fc8f-da21-4468-aac8-c0b5bec17669,BBOX,IT Consulting & Software,Information Technology,IT_SERVICES,,IT_TECH_K4B_SCORING_V1,True,True,892485,REVERIFY_ACTIVE_REVIEWED_ASSIGNMENT_BEFORE_EXECUTION,TARGETED_REFRESH_REQUIRED_NOT_INFERRED_FROM_OLD_SNAPSHOT,NOT_EXECUTED_BY_THIS_PLAN
G10,IT services / software consulting,G10-L01-B01,ba7b2673-39d9-47ec-b2b2-cd19922aec36,INFY,IT Consulting & Software,Information Technology,IT_SERVICES,,IT_TECH_K4B_SCORING_V1,True,True,203730,REVERIFY_ACTIVE_REVIEWED_ASSIGNMENT_BEFORE_EXECUTION,TARGETED_REFRESH_REQUIRED_NOT_INFERRED_FROM_OLD_SNAPSHOT,NOT_EXECUTED_BY_THIS_PLAN
G10,IT services / software consulting,G10-L01-B01,2a875b8b-3cd6-4f1f-90e0-cc32ab0fec90,KPITTECH,Computers - Software & Consulting,Information Technology,IT_SERVICES,,IT_TECH_K4B_SCORING_V1,True,False,148200,REVERIFY_ACTIVE_REVIEWED_ASSIGNMENT_BEFORE_EXECUTION,TARGETED_REFRESH_REQUIRED_NOT_INFERRED_FROM_OLD_SNAPSHOT,NOT_EXECUTED_BY_THIS_PLAN
G10,IT services / software consulting,G10-L01-B01,c27b3997-f74b-432e-8b17-0837cce4c2fc,HEXT,Computers - Software & Consulting,Information Technology,IT_SERVICES,,IT_TECH_K4B_SCORING_V1,True,True,49540,REVERIFY_ACTIVE_REVIEWED_ASSIGNMENT_BEFORE_EXECUTION,TARGETED_REFRESH_REQUIRED_NOT_INFERRED_FROM_OLD_SNAPSHOT,NOT_EXECUTED_BY_THIS_PLAN
G10,IT services / software consulting,G10-L01-B01,2461f612-2535-4f21-b8f2-6e71eb422427,HCLTECH,Computers - Software & Consulting,Information Technology,IT_SERVICES,,IT_TECH_K4B_SCORING_V1,False,True,,REVERIFY_ACTIVE_REVIEWED_ASSIGNMENT_BEFORE_EXECUTION,TARGETED_REFRESH_REQUIRED_NOT_INFERRED_FROM_OLD_SNAPSHOT,NOT_EXECUTED_BY_THIS_PLAN
G10,IT services / software consulting,G10-L01-B01,92767e62-7068-4fea-b39c-79d98da0917b,MPHASIS,Computers - Software & Consulting,Information Technology,IT_SERVICES,,IT_TECH_K4B_SCORING_V1,False,False,,REVERIFY_ACTIVE_REVIEWED_ASSIGNMENT_BEFORE_EXECUTION,TARGETED_REFRESH_REQUIRED_NOT_INFERRED_FROM_OLD_SNAPSHOT,NOT_EXECUTED_BY_THIS_PLAN
G10,IT services / software consulting,G10-L01-B02,4adb8899-60fe-4fef-a806-341d2359234b,RATEGAIN,Computers - Software & Consulting,Information Technology,IT_SERVICES,,IT_TECH_K4B_SCORING_V1,False,False,,REVERIFY_ACTIVE_REVIEWED_ASSIGNMENT_BEFORE_EXECUTION,TARGETED_REFRESH_REQUIRED_NOT_INFERRED_FROM_OLD_SNAPSHOT,NOT_EXECUTED_BY_THIS_PLAN
G10,IT services / software consulting,G10-L01-B02,b603c0e2-6db1-4b08-b129-fa9b0a727f71,ZENSARTECH,Computers - Software & Consulting,Information Technology,IT_SERVICES,,IT_TECH_K4B_SCORING_V1,False,False,,REVERIFY_ACTIVE_REVIEWED_ASSIGNMENT_BEFORE_EXECUTION,TARGETED_REFRESH_REQUIRED_NOT_INFERRED_FROM_OLD_SNAPSHOT,NOT_EXECUTED_BY_THIS_PLAN
G11,Pharma — API_BULK_DRUGS,G11-L01-B01,d5dde2b5-fc2d-451d-b7ab-a3be1fc1c9bb,LAURUSLABS,Pharmaceuticals,Pharma,PHARMA,API_BULK_DRUGS,PHARMA_V1_PLUS_REVIEWED_PRIMARY_SUBPROFILE,True,False,2555540,REVERIFY_ACTIVE_REVIEWED_ASSIGNMENT_BEFORE_EXECUTION,TARGETED_REFRESH_REQUIRED_NOT_INFERRED_FROM_OLD_SNAPSHOT,NOT_EXECUTED_BY_THIS_PLAN
G11,Pharma — API_BULK_DRUGS,G11-L01-B01,5f77f860-4818-45f5-a241-30d467066c49,SUPRIYA,Pharmaceuticals,Pharma,PHARMA,API_BULK_DRUGS,PHARMA_V1_PLUS_REVIEWED_PRIMARY_SUBPROFILE,True,False,1331025,REVERIFY_ACTIVE_REVIEWED_ASSIGNMENT_BEFORE_EXECUTION,TARGETED_REFRESH_REQUIRED_NOT_INFERRED_FROM_OLD_SNAPSHOT,NOT_EXECUTED_BY_THIS_PLAN
G11,Pharma — API_BULK_DRUGS,G11-L01-B01,de565d84-02de-4e97-a255-43ee56c8650e,ALIVUS,Pharmaceuticals,Pharma,PHARMA,API_BULK_DRUGS,PHARMA_V1_PLUS_REVIEWED_PRIMARY_SUBPROFILE,False,True,,REVERIFY_ACTIVE_REVIEWED_ASSIGNMENT_BEFORE_EXECUTION,TARGETED_REFRESH_REQUIRED_NOT_INFERRED_FROM_OLD_SNAPSHOT,NOT_EXECUTED_BY_THIS_PLAN
G11,Pharma — API_BULK_DRUGS,G11-L01-B01,dba4d348-4e15-47d3-8aa3-bc3b2c83424c,PAR,Pharmaceuticals,Pharma,PHARMA,API_BULK_DRUGS,PHARMA_V1_PLUS_REVIEWED_PRIMARY_SUBPROFILE,False,False,,REVERIFY_ACTIVE_REVIEWED_ASSIGNMENT_BEFORE_EXECUTION,TARGETED_REFRESH_REQUIRED_NOT_INFERRED_FROM_OLD_SNAPSHOT,NOT_EXECUTED_BY_THIS_PLAN
G11,Pharma — API_BULK_DRUGS,G11-L01-B01,5d4ebc7c-f031-43c8-a620-79911db2018a,SOLARA,Pharmaceuticals,Pharma,PHARMA,API_BULK_DRUGS,PHARMA_V1_PLUS_REVIEWED_PRIMARY_SUBPROFILE,False,False,,REVERIFY_ACTIVE_REVIEWED_ASSIGNMENT_BEFORE_EXECUTION,TARGETED_REFRESH_REQUIRED_NOT_INFERRED_FROM_OLD_SNAPSHOT,NOT_EXECUTED_BY_THIS_PLAN
G12,Industrial Products,G12-L01-B01,84455cdf-46f9-48d3-a323-8b46ef8cd9f6,USHAMART,Industrial Products,Capital Goods,CAPITAL_EQUIPMENT_ELECTRICAL,,INDUSTRIALS_CAPITAL_GOODS_K4B_SCORING_V1,True,False,1515750,REVERIFY_ACTIVE_REVIEWED_ASSIGNMENT_BEFORE_EXECUTION,TARGETED_REFRESH_REQUIRED_NOT_INFERRED_FROM_OLD_SNAPSHOT,NOT_EXECUTED_BY_THIS_PLAN
G12,Industrial Products,G12-L01-B01,a9520a7e-e19d-461c-a819-f08e16022c28,ASTRAL,Industrial Products,Capital Goods,CAPITAL_EQUIPMENT_ELECTRICAL,,INDUSTRIALS_CAPITAL_GOODS_K4B_SCORING_V1,True,True,814200,REVERIFY_ACTIVE_REVIEWED_ASSIGNMENT_BEFORE_EXECUTION,TARGETED_REFRESH_REQUIRED_NOT_INFERRED_FROM_OLD_SNAPSHOT,NOT_EXECUTED_BY_THIS_PLAN
G12,Industrial Products,G12-L01-B01,9e54e6a0-b1ba-46ca-91d2-8eddcb85a5ec,APLAPOLLO,Industrial Products,Capital Goods,CAPITAL_EQUIPMENT_ELECTRICAL,,INDUSTRIALS_CAPITAL_GOODS_K4B_SCORING_V1,True,True,628200,REVERIFY_ACTIVE_REVIEWED_ASSIGNMENT_BEFORE_EXECUTION,TARGETED_REFRESH_REQUIRED_NOT_INFERRED_FROM_OLD_SNAPSHOT,NOT_EXECUTED_BY_THIS_PLAN
G12,Industrial Products,G12-L01-B01,536a43df-2b25-420c-b307-0cad6d62c7d0,EPL,Industrial Products,Capital Goods,CAPITAL_EQUIPMENT_ELECTRICAL,,INDUSTRIALS_CAPITAL_GOODS_K4B_SCORING_V1,True,True,398650,REVERIFY_ACTIVE_REVIEWED_ASSIGNMENT_BEFORE_EXECUTION,TARGETED_REFRESH_REQUIRED_NOT_INFERRED_FROM_OLD_SNAPSHOT,NOT_EXECUTED_BY_THIS_PLAN
G12,Industrial Products,G12-L01-B01,85ad787f-607a-4439-a6db-9b65b03195f1,GOODLUCK,Industrial Products,Capital Goods,CAPITAL_EQUIPMENT_ELECTRICAL,,INDUSTRIALS_CAPITAL_GOODS_K4B_SCORING_V1,True,True,290040,REVERIFY_ACTIVE_REVIEWED_ASSIGNMENT_BEFORE_EXECUTION,TARGETED_REFRESH_REQUIRED_NOT_INFERRED_FROM_OLD_SNAPSHOT,NOT_EXECUTED_BY_THIS_PLAN
G12,Industrial Products,G12-L02-B01,80aa69b4-1b40-476d-a8f2-ac509a129300,JTLIND,Industrial Products,Metals & Mining,INDUSTRIAL_PRODUCTS,,P7_IC1_INDUSTRIAL_PRODUCTS_METHODOLOGY_V1,True,True,231579,REVERIFY_ACTIVE_REVIEWED_ASSIGNMENT_BEFORE_EXECUTION,TARGETED_REFRESH_REQUIRED_NOT_INFERRED_FROM_OLD_SNAPSHOT,NOT_EXECUTED_BY_THIS_PLAN
G12,Industrial Products,G12-L01-B01,1d24de75-d7cd-47b7-bb71-e4234cbead4a,HBLENGINE,Industrial Products,Capital Goods,CAPITAL_EQUIPMENT_ELECTRICAL,,INDUSTRIALS_CAPITAL_GOODS_K4B_SCORING_V1,False,True,,REVERIFY_ACTIVE_REVIEWED_ASSIGNMENT_BEFORE_EXECUTION,TARGETED_REFRESH_REQUIRED_NOT_INFERRED_FROM_OLD_SNAPSHOT,NOT_EXECUTED_BY_THIS_PLAN
G12,Industrial Products,G12-L01-B01,5a4b43d5-3633-40f6-93fe-a14c9b3f9db2,KRN,Industrial Products,Industrial,CAPITAL_EQUIPMENT_ELECTRICAL,,INDUSTRIALS_CAPITAL_GOODS_K4B_SCORING_V1,False,False,,REVERIFY_ACTIVE_REVIEWED_ASSIGNMENT_BEFORE_EXECUTION,TARGETED_REFRESH_REQUIRED_NOT_INFERRED_FROM_OLD_SNAPSHOT,NOT_EXECUTED_BY_THIS_PLAN
G12,Industrial Products,G12-L01-B01,46c4b2bd-194f-4a83-beb3-36274960edfd,RHIM,Industrial Products,Capital Goods,CAPITAL_EQUIPMENT_ELECTRICAL,,INDUSTRIALS_CAPITAL_GOODS_K4B_SCORING_V1,False,False,,REVERIFY_ACTIVE_REVIEWED_ASSIGNMENT_BEFORE_EXECUTION,TARGETED_REFRESH_REQUIRED_NOT_INFERRED_FROM_OLD_SNAPSHOT,NOT_EXECUTED_BY_THIS_PLAN
G12,Industrial Products,G12-L01-B02,39c514fe-69fb-41ff-b321-7ee8f146b495,RRKABEL,Industrial Products,Capital Goods,CAPITAL_EQUIPMENT_ELECTRICAL,,INDUSTRIALS_CAPITAL_GOODS_K4B_SCORING_V1,False,False,,REVERIFY_ACTIVE_REVIEWED_ASSIGNMENT_BEFORE_EXECUTION,TARGETED_REFRESH_REQUIRED_NOT_INFERRED_FROM_OLD_SNAPSHOT,NOT_EXECUTED_BY_THIS_PLAN
G12,Industrial Products,G12-L01-B02,7766b2a8-7586-41db-97b7-ce4caed9ceb7,SBCL,Industrial Products,Capital Goods,CAPITAL_EQUIPMENT_ELECTRICAL,,INDUSTRIALS_CAPITAL_GOODS_K4B_SCORING_V1,False,False,,REVERIFY_ACTIVE_REVIEWED_ASSIGNMENT_BEFORE_EXECUTION,TARGETED_REFRESH_REQUIRED_NOT_INFERRED_FROM_OLD_SNAPSHOT,NOT_EXECUTED_BY_THIS_PLAN
G12,Industrial Products,G12-L01-B02,fa178280-c61b-4036-8708-a6dc8ccfa352,SHAKTIPUMP,Industrial Products,Capital Goods,CAPITAL_EQUIPMENT_ELECTRICAL,,INDUSTRIALS_CAPITAL_GOODS_K4B_SCORING_V1,False,False,,REVERIFY_ACTIVE_REVIEWED_ASSIGNMENT_BEFORE_EXECUTION,TARGETED_REFRESH_REQUIRED_NOT_INFERRED_FROM_OLD_SNAPSHOT,NOT_EXECUTED_BY_THIS_PLAN
G12,Industrial Products,G12-L02-B01,ad8fd4ee-96a4-49fa-8256-ecdf54f94338,TIMETECHNO,Industrial Products,Material,INDUSTRIAL_PRODUCTS,,P7_IC1_INDUSTRIAL_PRODUCTS_METHODOLOGY_V1,False,False,,REVERIFY_ACTIVE_REVIEWED_ASSIGNMENT_BEFORE_EXECUTION,TARGETED_REFRESH_REQUIRED_NOT_INFERRED_FROM_OLD_SNAPSHOT,NOT_EXECUTED_BY_THIS_PLAN
G13,Auto Components,G13-L01-B01,5433d79a-69bb-4531-af0d-e38a918245ec,SONACOMS,Auto Components,Automobile and Auto Components,AUTO_COMPONENTS,,AUTO_COMPONENTS_K4B_SCORING_V1,True,False,1757360,REVERIFY_ACTIVE_REVIEWED_ASSIGNMENT_BEFORE_EXECUTION,TARGETED_REFRESH_REQUIRED_NOT_INFERRED_FROM_OLD_SNAPSHOT,NOT_EXECUTED_BY_THIS_PLAN
G13,Auto Components,G13-L01-B01,9d28c14f-9035-4028-a8d7-128886031b00,MOTHERSON,Auto Parts & Equipment,Automobile and Auto Components,AUTO_COMPONENTS,,AUTO_COMPONENTS_K4B_SCORING_V1,True,False,965650,REVERIFY_ACTIVE_REVIEWED_ASSIGNMENT_BEFORE_EXECUTION,TARGETED_REFRESH_REQUIRED_NOT_INFERRED_FROM_OLD_SNAPSHOT,NOT_EXECUTED_BY_THIS_PLAN
G13,Auto Components,G13-L01-B01,348077cc-8eaa-4bdd-9251-e168d7e9c5ed,ENDURANCE,Auto Components,Automobile and Auto Components,AUTO_COMPONENTS,,AUTO_COMPONENTS_K4B_SCORING_V1,True,True,757080,REVERIFY_ACTIVE_REVIEWED_ASSIGNMENT_BEFORE_EXECUTION,TARGETED_REFRESH_REQUIRED_NOT_INFERRED_FROM_OLD_SNAPSHOT,NOT_EXECUTED_BY_THIS_PLAN
G13,Auto Components,G13-L01-B01,f77a3b26-13a4-4935-b051-ea5fa61a1d70,EXIDEIND,Auto Components,Automobile and Auto Components,AUTO_COMPONENTS,,AUTO_COMPONENTS_K4B_SCORING_V1,True,True,80980,REVERIFY_ACTIVE_REVIEWED_ASSIGNMENT_BEFORE_EXECUTION,TARGETED_REFRESH_REQUIRED_NOT_INFERRED_FROM_OLD_SNAPSHOT,NOT_EXECUTED_BY_THIS_PLAN
G13,Auto Components,G13-L01-B01,f77ecec3-0e2b-4628-b923-1c99b640b363,CIEINDIA,Auto Components,Automobile and Auto Components,AUTO_COMPONENTS,,AUTO_COMPONENTS_K4B_SCORING_V1,False,True,,REVERIFY_ACTIVE_REVIEWED_ASSIGNMENT_BEFORE_EXECUTION,TARGETED_REFRESH_REQUIRED_NOT_INFERRED_FROM_OLD_SNAPSHOT,NOT_EXECUTED_BY_THIS_PLAN
G13,Auto Components,G13-L01-B01,6fa7438a-fd4c-4794-b07f-6fd29069bc24,SHARDAMOTR,Auto Components,Automobile and Auto Components,AUTO_COMPONENTS,,AUTO_COMPONENTS_K4B_SCORING_V1,False,False,,REVERIFY_ACTIVE_REVIEWED_ASSIGNMENT_BEFORE_EXECUTION,TARGETED_REFRESH_REQUIRED_NOT_INFERRED_FROM_OLD_SNAPSHOT,NOT_EXECUTED_BY_THIS_PLAN
G13,Auto Components,G13-L01-B01,789ebcb4-126c-4f14-89a0-06752536fbec,SSWL,Auto Components,Automobile and Auto Components,AUTO_COMPONENTS,,AUTO_COMPONENTS_K4B_SCORING_V1,False,False,,REVERIFY_ACTIVE_REVIEWED_ASSIGNMENT_BEFORE_EXECUTION,TARGETED_REFRESH_REQUIRED_NOT_INFERRED_FROM_OLD_SNAPSHOT,NOT_EXECUTED_BY_THIS_PLAN
G14,Civil Construction,G14-L01-B01,85efb777-de6a-4465-9f4f-7a51b9b65bc2,LT,Civil Construction,Industrial,PROJECT_EPC,,INDUSTRIALS_CAPITAL_GOODS_K4B_SCORING_V1,True,False,2238300,REVERIFY_ACTIVE_REVIEWED_ASSIGNMENT_BEFORE_EXECUTION,TARGETED_REFRESH_REQUIRED_NOT_INFERRED_FROM_OLD_SNAPSHOT,NOT_EXECUTED_BY_THIS_PLAN
G14,Civil Construction,G14-L01-B01,c18ef8b9-f515-4d76-bf34-5b368f457c9a,KPIL,Civil Construction,Construction,PROJECT_EPC,,INDUSTRIALS_CAPITAL_GOODS_K4B_SCORING_V1,True,False,1112000,REVERIFY_ACTIVE_REVIEWED_ASSIGNMENT_BEFORE_EXECUTION,TARGETED_REFRESH_REQUIRED_NOT_INFERRED_FROM_OLD_SNAPSHOT,NOT_EXECUTED_BY_THIS_PLAN
G14,Civil Construction,G14-L01-B01,06ca3419-841d-454d-ac8b-8d898e21a81e,CEMPRO,Civil Construction,Industrial,PROJECT_EPC,,INDUSTRIALS_CAPITAL_GOODS_K4B_SCORING_V1,False,True,,REVERIFY_ACTIVE_REVIEWED_ASSIGNMENT_BEFORE_EXECUTION,TARGETED_REFRESH_REQUIRED_NOT_INFERRED_FROM_OLD_SNAPSHOT,NOT_EXECUTED_BY_THIS_PLAN
G14,Civil Construction,G14-L01-B01,a5ee8046-98dd-4dd1-ad0e-3347cb48ec84,NCC,Civil Construction,Construction,PROJECT_EPC,,INDUSTRIALS_CAPITAL_GOODS_K4B_SCORING_V1,False,False,,REVERIFY_ACTIVE_REVIEWED_ASSIGNMENT_BEFORE_EXECUTION,TARGETED_REFRESH_REQUIRED_NOT_INFERRED_FROM_OLD_SNAPSHOT,NOT_EXECUTED_BY_THIS_PLAN
G14,Civil Construction,G14-L01-B01,2ca18e04-e551-486c-9053-57de54717ec6,WELENT,Civil Construction,Industrial,PROJECT_EPC,,INDUSTRIALS_CAPITAL_GOODS_K4B_SCORING_V1,False,False,,REVERIFY_ACTIVE_REVIEWED_ASSIGNMENT_BEFORE_EXECUTION,TARGETED_REFRESH_REQUIRED_NOT_INFERRED_FROM_OLD_SNAPSHOT,NOT_EXECUTED_BY_THIS_PLAN
G15,Asset Management Company,G15-L01-B01,8b105349-46e4-4a42-9d89-54306d26a81d,NAM-INDIA,Asset Management Cos.,Financial Services,CAPITAL_MARKETS_AMC,,FIN_SERVICES_NON_LENDER_K4B_SCORING_V1,True,False,1373060,REVERIFY_ACTIVE_REVIEWED_ASSIGNMENT_BEFORE_EXECUTION,TARGETED_REFRESH_REQUIRED_NOT_INFERRED_FROM_OLD_SNAPSHOT,NOT_EXECUTED_BY_THIS_PLAN
G15,Asset Management Company,G15-L01-B01,dbe682c2-9ebd-44ef-827d-c386b103222d,ICICIAMC,Asset Management Company,Financial Services,CAPITAL_MARKETS_AMC,,FIN_SERVICES_NON_LENDER_K4B_SCORING_V1,True,True,919740,REVERIFY_ACTIVE_REVIEWED_ASSIGNMENT_BEFORE_EXECUTION,TARGETED_REFRESH_REQUIRED_NOT_INFERRED_FROM_OLD_SNAPSHOT,NOT_EXECUTED_BY_THIS_PLAN
G15,Asset Management Company,G15-L01-B01,7bc3f24e-0802-4464-ad8f-348dd8c8de57,HDFCAMC,Asset Management Company,Financial Services,CAPITAL_MARKETS_AMC,,FIN_SERVICES_NON_LENDER_K4B_SCORING_V1,True,True,470780,REVERIFY_ACTIVE_REVIEWED_ASSIGNMENT_BEFORE_EXECUTION,TARGETED_REFRESH_REQUIRED_NOT_INFERRED_FROM_OLD_SNAPSHOT,NOT_EXECUTED_BY_THIS_PLAN
G15,Asset Management Company,G15-L01-B01,c50e7d67-af10-4c42-8f96-a27c633cb38b,UTIAMC,Asset Management Company,Financial Services,CAPITAL_MARKETS_AMC,,FIN_SERVICES_NON_LENDER_K4B_SCORING_V1,False,False,,REVERIFY_ACTIVE_REVIEWED_ASSIGNMENT_BEFORE_EXECUTION,TARGETED_REFRESH_REQUIRED_NOT_INFERRED_FROM_OLD_SNAPSHOT,NOT_EXECUTED_BY_THIS_PLAN
G16,Other Electrical Equipment/Products,G16-L01-B01,0a8c43be-cc13-4376-8e87-7af1ac9c0e76,SYRMA,Other Electrical Equipment/Products,Capital Goods,CAPITAL_EQUIPMENT_ELECTRICAL,,INDUSTRIALS_CAPITAL_GOODS_K4B_SCORING_V1,True,False,2208310,REVERIFY_ACTIVE_REVIEWED_ASSIGNMENT_BEFORE_EXECUTION,TARGETED_REFRESH_REQUIRED_NOT_INFERRED_FROM_OLD_SNAPSHOT,NOT_EXECUTED_BY_THIS_PLAN
G16,Other Electrical Equipment/Products,G16-L01-B01,1b95d282-328b-408c-8fed-6b52b7544b05,WAAREEENER,Other Electrical Equipment/Products,Capital Goods,CAPITAL_EQUIPMENT_ELECTRICAL,,INDUSTRIALS_CAPITAL_GOODS_K4B_SCORING_V1,True,False,469280,REVERIFY_ACTIVE_REVIEWED_ASSIGNMENT_BEFORE_EXECUTION,TARGETED_REFRESH_REQUIRED_NOT_INFERRED_FROM_OLD_SNAPSHOT,NOT_EXECUTED_BY_THIS_PLAN
G17,Leisure Services,G17-L01-B01,81ac2bfc-bb2b-44eb-9f36-dcc3de29b16f,INDHOTEL,Leisure Services,Consumer Services,HOSPITALITY_LEISURE,,P7_IC1_HOSPITALITY_LEISURE_METHODOLOGY_V1,True,True,1446200,REVERIFY_ACTIVE_REVIEWED_ASSIGNMENT_BEFORE_EXECUTION,TARGETED_REFRESH_REQUIRED_NOT_INFERRED_FROM_OLD_SNAPSHOT,NOT_EXECUTED_BY_THIS_PLAN
G17,Leisure Services,G17-L01-B01,8874186e-a6bc-49eb-9163-28cae2b31dd6,JUBLFOOD,Leisure Services,Consumer Services,HOSPITALITY_LEISURE,,P7_IC1_HOSPITALITY_LEISURE_METHODOLOGY_V1,True,True,445450,REVERIFY_ACTIVE_REVIEWED_ASSIGNMENT_BEFORE_EXECUTION,TARGETED_REFRESH_REQUIRED_NOT_INFERRED_FROM_OLD_SNAPSHOT,NOT_EXECUTED_BY_THIS_PLAN
G17,Leisure Services,G17-L01-B01,d8c32eab-90ce-4202-9d44-6534d4d13e5e,ITCHOTELS,Leisure Services,Consumer Services,HOSPITALITY_LEISURE,,P7_IC1_HOSPITALITY_LEISURE_METHODOLOGY_V1,True,True,413582,REVERIFY_ACTIVE_REVIEWED_ASSIGNMENT_BEFORE_EXECUTION,TARGETED_REFRESH_REQUIRED_NOT_INFERRED_FROM_OLD_SNAPSHOT,NOT_EXECUTED_BY_THIS_PLAN
G17,Leisure Services,G17-L01-B01,34303676-1b56-40af-b94f-fc3ca25928cc,LEMONTREE,Leisure Services,Consumer Services,HOSPITALITY_LEISURE,,P7_IC1_HOSPITALITY_LEISURE_METHODOLOGY_V1,False,False,,REVERIFY_ACTIVE_REVIEWED_ASSIGNMENT_BEFORE_EXECUTION,TARGETED_REFRESH_REQUIRED_NOT_INFERRED_FROM_OLD_SNAPSHOT,NOT_EXECUTED_BY_THIS_PLAN
G17,Leisure Services,G17-L01-B01,b40264b4-289d-4919-82d0-0ecb815eca5b,VENTIVE,Leisure Services,Consumer Services,HOSPITALITY_LEISURE,,P7_IC1_HOSPITALITY_LEISURE_METHODOLOGY_V1,False,False,,REVERIFY_ACTIVE_REVIEWED_ASSIGNMENT_BEFORE_EXECUTION,TARGETED_REFRESH_REQUIRED_NOT_INFERRED_FROM_OLD_SNAPSHOT,NOT_EXECUTED_BY_THIS_PLAN
G17,Leisure Services,G17-L01-B01,06d58b99-b545-4fa8-8f88-9f8faab0c404,YATRA,Leisure Services,Consumer Services,HOSPITALITY_LEISURE,,P7_IC1_HOSPITALITY_LEISURE_METHODOLOGY_V1,False,False,,REVERIFY_ACTIVE_REVIEWED_ASSIGNMENT_BEFORE_EXECUTION,TARGETED_REFRESH_REQUIRED_NOT_INFERRED_FROM_OLD_SNAPSHOT,NOT_EXECUTED_BY_THIS_PLAN
G18,Commodity Chemicals,G18-L01-B01,142f3023-ca8d-4f46-a42d-ba0d06c7a4c7,DEEPAKFERT,Commodity Chemicals,Chemicals,COMMODITY_PROCESS_CHEMICALS,,CHEMICALS_V1_K4B_SCORING_V1,True,True,2212890,REVERIFY_ACTIVE_REVIEWED_ASSIGNMENT_BEFORE_EXECUTION,TARGETED_REFRESH_REQUIRED_NOT_INFERRED_FROM_OLD_SNAPSHOT,NOT_EXECUTED_BY_THIS_PLAN
G19,Cement & Cement Products,G19-L01-B01,ceca07c4-c14a-49c4-8add-fbc3e69ec89b,GRASIM,Cement & Cement Products,Construction Materials,CEMENT_BUILDING_MATERIALS,,P7_IC1_CEMENT_BUILDING_MATERIALS_METHODOLOGY_V1,True,True,2086420,REVERIFY_ACTIVE_REVIEWED_ASSIGNMENT_BEFORE_EXECUTION,TARGETED_REFRESH_REQUIRED_NOT_INFERRED_FROM_OLD_SNAPSHOT,NOT_EXECUTED_BY_THIS_PLAN
G19,Cement & Cement Products,G19-L01-B01,fe076725-5b5a-4bf6-a76d-16211b5ebe2a,JKLAKSHMI,Cement & Cement Products,Material,CEMENT_BUILDING_MATERIALS,,P7_IC1_CEMENT_BUILDING_MATERIALS_METHODOLOGY_V1,False,True,,REVERIFY_ACTIVE_REVIEWED_ASSIGNMENT_BEFORE_EXECUTION,TARGETED_REFRESH_REQUIRED_NOT_INFERRED_FROM_OLD_SNAPSHOT,NOT_EXECUTED_BY_THIS_PLAN
G20,Private Sector Bank,G20-L01-B01,b330c9fe-ae35-469a-9975-d5af26843b1c,AXISBANK,Private Sector Bank,Banking,BANK,,BANK_NBFC_STAGE_8_BANK_V1,True,True,864640,REVERIFY_ACTIVE_REVIEWED_ASSIGNMENT_BEFORE_EXECUTION,TARGETED_REFRESH_REQUIRED_NOT_INFERRED_FROM_OLD_SNAPSHOT,NOT_EXECUTED_BY_THIS_PLAN
G20,Private Sector Bank,G20-L01-B01,ba340b06-fd44-4d80-9ce7-d280616354ed,IDFCFIRSTB,Private Sector Bank,Banking,BANK,,BANK_NBFC_STAGE_8_BANK_V1,True,True,591912,REVERIFY_ACTIVE_REVIEWED_ASSIGNMENT_BEFORE_EXECUTION,TARGETED_REFRESH_REQUIRED_NOT_INFERRED_FROM_OLD_SNAPSHOT,NOT_EXECUTED_BY_THIS_PLAN
G20,Private Sector Bank,G20-L01-B01,30ce066a-6410-4b11-9b85-e41324971261,BANDHANBNK,Private Sector Bank,Banking,BANK,,BANK_NBFC_STAGE_8_BANK_V1,True,True,425075,REVERIFY_ACTIVE_REVIEWED_ASSIGNMENT_BEFORE_EXECUTION,TARGETED_REFRESH_REQUIRED_NOT_INFERRED_FROM_OLD_SNAPSHOT,NOT_EXECUTED_BY_THIS_PLAN
G20,Private Sector Bank,G20-L01-B01,a5639446-3238-4e08-9d02-59bc529982db,IDBI,Private Sector Bank,Banking,BANK,,BANK_NBFC_STAGE_8_BANK_V1,True,True,173920,REVERIFY_ACTIVE_REVIEWED_ASSIGNMENT_BEFORE_EXECUTION,TARGETED_REFRESH_REQUIRED_NOT_INFERRED_FROM_OLD_SNAPSHOT,NOT_EXECUTED_BY_THIS_PLAN
G20,Private Sector Bank,G20-L01-B01,c086eb7b-10f3-4e23-8cce-4b90632dd105,RBLBANK,Private Sector Bank,Banking,BANK,,BANK_NBFC_STAGE_8_BANK_V1,False,False,,REVERIFY_ACTIVE_REVIEWED_ASSIGNMENT_BEFORE_EXECUTION,TARGETED_REFRESH_REQUIRED_NOT_INFERRED_FROM_OLD_SNAPSHOT,NOT_EXECUTED_BY_THIS_PLAN
G21,Refineries/Petro-Products,G21-L01-B01,04dd96b3-6772-4871-b52d-60c4a162efe8,RELIANCE,Refineries/Petro-Products,Oil Gas & Consumable Fuels,INTEGRATED_REFINING_PETCHEM,,OIL_GAS_V1_K4B_SCORING_V1,True,False,1544010,REVERIFY_ACTIVE_REVIEWED_ASSIGNMENT_BEFORE_EXECUTION,TARGETED_REFRESH_REQUIRED_NOT_INFERRED_FROM_OLD_SNAPSHOT,NOT_EXECUTED_BY_THIS_PLAN
G22,Investment Company,G22-L01-B01,3833b30d-f007-486a-afd4-d44d313f8e99,ABCAPITAL,Investment Company,Financial Services,FINANCIAL_HOLDING_COMPANY,,P7_IC1_FINANCIAL_HOLDING_COMPANY_METHODOLOGY_V1,True,True,1319325,REVERIFY_ACTIVE_REVIEWED_ASSIGNMENT_BEFORE_EXECUTION,TARGETED_REFRESH_REQUIRED_NOT_INFERRED_FROM_OLD_SNAPSHOT,NOT_EXECUTED_BY_THIS_PLAN
G22,Investment Company,G22-L01-B01,db90cabf-5c5d-44a8-9da3-798368e2b458,JIOFIN,Investment Company,Financial Services,FINANCIAL_HOLDING_COMPANY,,P7_IC1_FINANCIAL_HOLDING_COMPANY_METHODOLOGY_V1,True,True,211800,REVERIFY_ACTIVE_REVIEWED_ASSIGNMENT_BEFORE_EXECUTION,TARGETED_REFRESH_REQUIRED_NOT_INFERRED_FROM_OLD_SNAPSHOT,NOT_EXECUTED_BY_THIS_PLAN
G23,Internet Software & Services,G23-L01-B01,0758f9b1-e2ef-4d20-8a54-f9bbb4826a90,PAYTM,Internet Software & Services,Financial Services,FINTECH_PLATFORM,,FIN_SERVICES_NON_LENDER_K4B_SCORING_V1,True,False,1514880,REVERIFY_ACTIVE_REVIEWED_ASSIGNMENT_BEFORE_EXECUTION,TARGETED_REFRESH_REQUIRED_NOT_INFERRED_FROM_OLD_SNAPSHOT,NOT_EXECUTED_BY_THIS_PLAN
G24,Retailing,G24-L01-B01,af7fdb13-3ed4-489c-800d-5ab12e08c1c0,ETERNAL,Retailing,Consumer Services,RETAIL_COMMERCE,,P7_IC1_RETAIL_COMMERCE_METHODOLOGY_V1,True,True,771120,REVERIFY_ACTIVE_REVIEWED_ASSIGNMENT_BEFORE_EXECUTION,TARGETED_REFRESH_REQUIRED_NOT_INFERRED_FROM_OLD_SNAPSHOT,NOT_EXECUTED_BY_THIS_PLAN
G24,Retailing,G24-L01-B01,00e60a7c-0bb1-4c04-8eea-e5e0fc039bdb,DMART,Retailing,Consumer Services,RETAIL_COMMERCE,,P7_IC1_RETAIL_COMMERCE_METHODOLOGY_V1,True,True,720360,REVERIFY_ACTIVE_REVIEWED_ASSIGNMENT_BEFORE_EXECUTION,TARGETED_REFRESH_REQUIRED_NOT_INFERRED_FROM_OLD_SNAPSHOT,NOT_EXECUTED_BY_THIS_PLAN
G24,Retailing,G24-L01-B01,4aec7270-5eed-4cba-ad67-e933f5b9006a,LENSKART,Retailing,Consumer Durables,RETAIL_COMMERCE,,P7_IC1_RETAIL_COMMERCE_METHODOLOGY_V1,False,False,,REVERIFY_ACTIVE_REVIEWED_ASSIGNMENT_BEFORE_EXECUTION,TARGETED_REFRESH_REQUIRED_NOT_INFERRED_FROM_OLD_SNAPSHOT,NOT_EXECUTED_BY_THIS_PLAN
G24,Retailing,G24-L01-B01,67677915-03f4-47b5-b8fa-6a82dbd53637,NYKAA,Retailing,Consumer Services,RETAIL_COMMERCE,,P7_IC1_RETAIL_COMMERCE_METHODOLOGY_V1,False,False,,REVERIFY_ACTIVE_REVIEWED_ASSIGNMENT_BEFORE_EXECUTION,TARGETED_REFRESH_REQUIRED_NOT_INFERRED_FROM_OLD_SNAPSHOT,NOT_EXECUTED_BY_THIS_PLAN
G24,Retailing,G24-L01-B01,d0d65431-4c9a-4efd-9f0e-e57a58cad2da,V2RETAIL,Retailing,Consumer Services,RETAIL_COMMERCE,,P7_IC1_RETAIL_COMMERCE_METHODOLOGY_V1,False,False,,REVERIFY_ACTIVE_REVIEWED_ASSIGNMENT_BEFORE_EXECUTION,TARGETED_REFRESH_REQUIRED_NOT_INFERRED_FROM_OLD_SNAPSHOT,NOT_EXECUTED_BY_THIS_PLAN
G25,Life Insurance,G25-L01-B01,9d40f5c8-4beb-4304-98c9-929980929f59,MFSL,Life Insurance,Financial Services,INSURANCE,,FIN_SERVICES_NON_LENDER_K4B_SCORING_V1,True,False,1486540,REVERIFY_ACTIVE_REVIEWED_ASSIGNMENT_BEFORE_EXECUTION,TARGETED_REFRESH_REQUIRED_NOT_INFERRED_FROM_OLD_SNAPSHOT,NOT_EXECUTED_BY_THIS_PLAN
G26,Oil,G26-L01-B01,01922190-3635-4057-b6b6-36bab37637cb,DEEPINDS,Oil,Oil Gas & Consumable Fuels,OIL_OPERATIONS,,P7_IC1_OIL_OPERATIONS_METHODOLOGY_V1,True,True,1343340,REVERIFY_ACTIVE_REVIEWED_ASSIGNMENT_BEFORE_EXECUTION,TARGETED_REFRESH_REQUIRED_NOT_INFERRED_FROM_OLD_SNAPSHOT,NOT_EXECUTED_BY_THIS_PLAN
G26,Oil,G26-L01-B01,501382c8-6271-42e2-b1c3-9e0b5b4ce2a3,ONGC,Oil,Oil Gas & Consumable Fuels,OIL_OPERATIONS,,P7_IC1_OIL_OPERATIONS_METHODOLOGY_V1,False,False,,REVERIFY_ACTIVE_REVIEWED_ASSIGNMENT_BEFORE_EXECUTION,TARGETED_REFRESH_REQUIRED_NOT_INFERRED_FROM_OLD_SNAPSHOT,NOT_EXECUTED_BY_THIS_PLAN
G27,Iron / steel,G27-L01-B01,13582fb2-7c6c-4fcd-a2cd-253c86a79efb,JINDALSTEL,Iron & Steel/Interm.Products,Metals & Mining,STEEL_FERROUS,,METALS_COMMODITIES_K4B_SCORING_V1,True,True,1314600,REVERIFY_ACTIVE_REVIEWED_ASSIGNMENT_BEFORE_EXECUTION,TARGETED_REFRESH_REQUIRED_NOT_INFERRED_FROM_OLD_SNAPSHOT,NOT_EXECUTED_BY_THIS_PLAN
G27,Iron / steel,G27-L01-B01,18c66a87-d489-4f2d-a4da-74edbb98eade,SAIL,Ferrous Metals,Metals & Mining,STEEL_FERROUS,,METALS_COMMODITIES_K4B_SCORING_V1,False,False,,REVERIFY_ACTIVE_REVIEWED_ASSIGNMENT_BEFORE_EXECUTION,TARGETED_REFRESH_REQUIRED_NOT_INFERRED_FROM_OLD_SNAPSHOT,NOT_EXECUTED_BY_THIS_PLAN
G28,Non - Ferrous Metals,G28-L01-B01,d2ac8d11-68a9-4cf8-8476-139b0495ab7d,HINDZINC,Non - Ferrous Metals,Metals & Mining,NON_FERROUS_DIVERSIFIED_METALS,,METALS_COMMODITIES_K4B_SCORING_V1,True,True,846375,REVERIFY_ACTIVE_REVIEWED_ASSIGNMENT_BEFORE_EXECUTION,TARGETED_REFRESH_REQUIRED_NOT_INFERRED_FROM_OLD_SNAPSHOT,NOT_EXECUTED_BY_THIS_PLAN
G28,Non - Ferrous Metals,G28-L01-B01,dc15f48d-36d7-461f-a5ba-87604c75cef7,HINDCOPPER,Non - Ferrous Metals,Metals & Mining,NON_FERROUS_DIVERSIFIED_METALS,,METALS_COMMODITIES_K4B_SCORING_V1,True,True,332500,REVERIFY_ACTIVE_REVIEWED_ASSIGNMENT_BEFORE_EXECUTION,TARGETED_REFRESH_REQUIRED_NOT_INFERRED_FROM_OLD_SNAPSHOT,NOT_EXECUTED_BY_THIS_PLAN
G28,Non - Ferrous Metals,G28-L01-B01,2bbdbd06-792b-472d-99f5-15ad7ed91b04,NATIONALUM,Non - Ferrous Metals,Metals & Mining,NON_FERROUS_DIVERSIFIED_METALS,,METALS_COMMODITIES_K4B_SCORING_V1,False,False,,REVERIFY_ACTIVE_REVIEWED_ASSIGNMENT_BEFORE_EXECUTION,TARGETED_REFRESH_REQUIRED_NOT_INFERRED_FROM_OLD_SNAPSHOT,NOT_EXECUTED_BY_THIS_PLAN
G28,Non - Ferrous Metals,G28-L01-B01,888b94b2-6293-4e50-9069-672578ef8bd7,VAML,Non - Ferrous Metals,Metals & Mining,NON_FERROUS_DIVERSIFIED_METALS,,METALS_COMMODITIES_K4B_SCORING_V1,False,False,,REVERIFY_ACTIVE_REVIEWED_ASSIGNMENT_BEFORE_EXECUTION,TARGETED_REFRESH_REQUIRED_NOT_INFERRED_FROM_OLD_SNAPSHOT,NOT_EXECUTED_BY_THIS_PLAN
G29,Realty,G29-L01-B01,b2d907e5-f8a1-4755-9fec-0cbbbd0e247f,ANANTRAJ,Realty,Realty,REAL_ESTATE_DEVELOPER,,P7_IC1_REAL_ESTATE_DEVELOPER_METHODOLOGY_V1,True,True,1122330,REVERIFY_ACTIVE_REVIEWED_ASSIGNMENT_BEFORE_EXECUTION,TARGETED_REFRESH_REQUIRED_NOT_INFERRED_FROM_OLD_SNAPSHOT,NOT_EXECUTED_BY_THIS_PLAN
G30,Power Generation,G30-L02-B01,5b9171f3-d8cb-4b24-8432-1905b214915a,ACMESOLAR,Power Generation,Renewable Energy,RENEWABLE_IPP,,POWER_RENEWABLES_V1_K4B_SCORING_V1,True,True,601160,REVERIFY_ACTIVE_REVIEWED_ASSIGNMENT_BEFORE_EXECUTION,TARGETED_REFRESH_REQUIRED_NOT_INFERRED_FROM_OLD_SNAPSHOT,NOT_EXECUTED_BY_THIS_PLAN
G30,Power Generation,G30-L01-B01,819fde8b-75bc-4327-b456-bce1a8b7a63f,JSWENERGY,Power Generation,Power,GENERATION_INTEGRATED_UTILITY,,POWER_RENEWABLES_V1_K4B_SCORING_V1,True,True,440505,REVERIFY_ACTIVE_REVIEWED_ASSIGNMENT_BEFORE_EXECUTION,TARGETED_REFRESH_REQUIRED_NOT_INFERRED_FROM_OLD_SNAPSHOT,NOT_EXECUTED_BY_THIS_PLAN
G30,Power Generation,G30-L01-B01,8b5669f5-b6d3-4946-9084-e30cc87a4477,KPIGREEN,Power Generation,Energy,GENERATION_INTEGRATED_UTILITY,,POWER_RENEWABLES_V1_K4B_SCORING_V1,False,False,,REVERIFY_ACTIVE_REVIEWED_ASSIGNMENT_BEFORE_EXECUTION,TARGETED_REFRESH_REQUIRED_NOT_INFERRED_FROM_OLD_SNAPSHOT,NOT_EXECUTED_BY_THIS_PLAN
G31,Aluminium and Aluminium Products,G31-L01-B01,89b62217-7cf7-4fd6-ba43-31f3b78c1929,HINDALCO,Aluminium and Aluminium Products,Metals & Mining,NON_FERROUS_DIVERSIFIED_METALS,,METALS_COMMODITIES_K4B_SCORING_V1,True,True,942700,REVERIFY_ACTIVE_REVIEWED_ASSIGNMENT_BEFORE_EXECUTION,TARGETED_REFRESH_REQUIRED_NOT_INFERRED_FROM_OLD_SNAPSHOT,NOT_EXECUTED_BY_THIS_PLAN
G32,2/3 Wheelers,G32-L01-B01,ae52fe71-8ded-4e7c-9a9c-d09efd600826,TVSMOTOR,2/3 Wheelers,Automobile and Auto Components,AUTO_OEM,,AUTO_COMPONENTS_K4B_SCORING_V1,True,False,802620,REVERIFY_ACTIVE_REVIEWED_ASSIGNMENT_BEFORE_EXECUTION,TARGETED_REFRESH_REQUIRED_NOT_INFERRED_FROM_OLD_SNAPSHOT,NOT_EXECUTED_BY_THIS_PLAN
G33,Pharma — CDMO_CRAMS,G33-L01-B01,89d94355-8c96-4d21-8bb7-1e3bcf096a93,AKUMS,Pharmaceuticals,Pharma,PHARMA,CDMO_CRAMS,PHARMA_V1_PLUS_REVIEWED_PRIMARY_SUBPROFILE,True,True,404050,REVERIFY_ACTIVE_REVIEWED_ASSIGNMENT_BEFORE_EXECUTION,TARGETED_REFRESH_REQUIRED_NOT_INFERRED_FROM_OLD_SNAPSHOT,NOT_EXECUTED_BY_THIS_PLAN
G33,Pharma — CDMO_CRAMS,G33-L01-B01,91520c5a-60a2-4719-9a5e-eeb3da6df18c,JUBLPHARMA,Pharmaceuticals,Pharma,PHARMA,CDMO_CRAMS,PHARMA_V1_PLUS_REVIEWED_PRIMARY_SUBPROFILE,True,True,394920,REVERIFY_ACTIVE_REVIEWED_ASSIGNMENT_BEFORE_EXECUTION,TARGETED_REFRESH_REQUIRED_NOT_INFERRED_FROM_OLD_SNAPSHOT,NOT_EXECUTED_BY_THIS_PLAN
G33,Pharma — CDMO_CRAMS,G33-L01-B01,2a7edb39-6683-41fe-a446-931b851a3302,ONESOURCE,Pharmaceuticals,Pharma,PHARMA,CDMO_CRAMS,PHARMA_V1_PLUS_REVIEWED_PRIMARY_SUBPROFILE,False,False,,REVERIFY_ACTIVE_REVIEWED_ASSIGNMENT_BEFORE_EXECUTION,TARGETED_REFRESH_REQUIRED_NOT_INFERRED_FROM_OLD_SNAPSHOT,NOT_EXECUTED_BY_THIS_PLAN
G33,Pharma — CDMO_CRAMS,G33-L01-B01,02e53d39-2b52-43d7-aa8c-46e7c5605e8d,PPLPHARMA,Pharmaceuticals,Pharma,PHARMA,CDMO_CRAMS,PHARMA_V1_PLUS_REVIEWED_PRIMARY_SUBPROFILE,False,False,,REVERIFY_ACTIVE_REVIEWED_ASSIGNMENT_BEFORE_EXECUTION,TARGETED_REFRESH_REQUIRED_NOT_INFERRED_FROM_OLD_SNAPSHOT,NOT_EXECUTED_BY_THIS_PLAN
G33,Pharma — CDMO_CRAMS,G33-L01-B01,b7e4f2bc-6a1d-430d-b039-53a4689923fe,SYNGENE,"Healthcare Research, Analytics & Technology",Pharma,PHARMA,CDMO_CRAMS,PHARMA_V1_PLUS_REVIEWED_PRIMARY_SUBPROFILE,False,False,,REVERIFY_ACTIVE_REVIEWED_ASSIGNMENT_BEFORE_EXECUTION,TARGETED_REFRESH_REQUIRED_NOT_INFERRED_FROM_OLD_SNAPSHOT,NOT_EXECUTED_BY_THIS_PLAN
G34,Business Process Outsourcing (BPO)/ Knowledge Process Outsourcing (KPO),G34-L01-B01,39844b75-4a2e-4aca-a8c9-9f9ce078734a,ECLERX,Business Process Outsourcing (BPO)/ Knowledge Process Outsourcing (KPO),Services,IT_BPM_SERVICES,,P7_IC1_IT_BPM_SERVICES_METHODOLOGY_V1,True,True,751080,REVERIFY_ACTIVE_REVIEWED_ASSIGNMENT_BEFORE_EXECUTION,TARGETED_REFRESH_REQUIRED_NOT_INFERRED_FROM_OLD_SNAPSHOT,NOT_EXECUTED_BY_THIS_PLAN
G35,Non Banking Financial Company (NBFC),G35-L01-B01,80a64fe7-8dcd-4c6c-8093-fd6b6ee1606a,CGCL,Non Banking Financial Company (NBFC),Financial Services,NBFC_LENDING,,P7_IC1_NBFC_LENDING_METHODOLOGY_V1,True,True,743520,REVERIFY_ACTIVE_REVIEWED_ASSIGNMENT_BEFORE_EXECUTION,TARGETED_REFRESH_REQUIRED_NOT_INFERRED_FROM_OLD_SNAPSHOT,NOT_EXECUTED_BY_THIS_PLAN
G35,Non Banking Financial Company (NBFC),G35-L01-B01,cbdbea24-eb1d-489f-ab6f-7800f04f28ca,CHOLAFIN,Non Banking Financial Company (NBFC),Financial Services,NBFC_LENDING,,P7_IC1_NBFC_LENDING_METHODOLOGY_V1,False,True,,REVERIFY_ACTIVE_REVIEWED_ASSIGNMENT_BEFORE_EXECUTION,TARGETED_REFRESH_REQUIRED_NOT_INFERRED_FROM_OLD_SNAPSHOT,NOT_EXECUTED_BY_THIS_PLAN
G35,Non Banking Financial Company (NBFC),G35-L01-B01,8398678e-3698-4d67-b6ec-6630303ce99f,LTF,Non Banking Financial Company (NBFC),Financial Services,NBFC_LENDING,,P7_IC1_NBFC_LENDING_METHODOLOGY_V1,False,False,,REVERIFY_ACTIVE_REVIEWED_ASSIGNMENT_BEFORE_EXECUTION,TARGETED_REFRESH_REQUIRED_NOT_INFERRED_FROM_OLD_SNAPSHOT,NOT_EXECUTED_BY_THIS_PLAN
G35,Non Banking Financial Company (NBFC),G35-L01-B01,6b2535b4-0820-4387-8c8d-147f2550d1f7,MUTHOOTFIN,Non Banking Financial Company (NBFC),Financial Services,NBFC_LENDING,,P7_IC1_NBFC_LENDING_METHODOLOGY_V1,False,False,,REVERIFY_ACTIVE_REVIEWED_ASSIGNMENT_BEFORE_EXECUTION,TARGETED_REFRESH_REQUIRED_NOT_INFERRED_FROM_OLD_SNAPSHOT,NOT_EXECUTED_BY_THIS_PLAN
G35,Non Banking Financial Company (NBFC),G35-L01-B01,6fa8affc-f29c-442c-9f8f-a5a63672b889,SHRIRAMFIN,Non Banking Financial Company (NBFC),Financial Services,NBFC_LENDING,,P7_IC1_NBFC_LENDING_METHODOLOGY_V1,False,False,,REVERIFY_ACTIVE_REVIEWED_ASSIGNMENT_BEFORE_EXECUTION,TARGETED_REFRESH_REQUIRED_NOT_INFERRED_FROM_OLD_SNAPSHOT,NOT_EXECUTED_BY_THIS_PLAN
G35,Non Banking Financial Company (NBFC),G35-L01-B01,2b2180a3-8f19-4de5-9532-2851da98f3c4,TATACAP,Non Banking Financial Company (NBFC),Financial Services,NBFC_LENDING,,P7_IC1_NBFC_LENDING_METHODOLOGY_V1,False,False,,REVERIFY_ACTIVE_REVIEWED_ASSIGNMENT_BEFORE_EXECUTION,TARGETED_REFRESH_REQUIRED_NOT_INFERRED_FROM_OLD_SNAPSHOT,NOT_EXECUTED_BY_THIS_PLAN
G36,Minerals & Mining,G36-L01-B01,fab25835-38a0-4e57-9209-880d43bc131e,GRAVITA,Minerals & Mining,Metals & Mining,NON_FERROUS_DIVERSIFIED_METALS,,METALS_COMMODITIES_K4B_SCORING_V1,True,True,712250,REVERIFY_ACTIVE_REVIEWED_ASSIGNMENT_BEFORE_EXECUTION,TARGETED_REFRESH_REQUIRED_NOT_INFERRED_FROM_OLD_SNAPSHOT,NOT_EXECUTED_BY_THIS_PLAN
G37,IT Enabled Services,G37-L01-B01,0c94c922-356c-41e0-b503-3de0e315eb23,IKS,IT Enabled Services,Information Technology,IT_BPM_SERVICES,,P7_IC1_IT_BPM_SERVICES_METHODOLOGY_V1,True,True,709520,REVERIFY_ACTIVE_REVIEWED_ASSIGNMENT_BEFORE_EXECUTION,TARGETED_REFRESH_REQUIRED_NOT_INFERRED_FROM_OLD_SNAPSHOT,NOT_EXECUTED_BY_THIS_PLAN
G37,IT Enabled Services,G37-L01-B01,950b0778-a1fa-4ad2-bbdc-27158e6fce03,E2E,IT Enabled Services,Information Technology,IT_BPM_SERVICES,,P7_IC1_IT_BPM_SERVICES_METHODOLOGY_V1,False,True,,REVERIFY_ACTIVE_REVIEWED_ASSIGNMENT_BEFORE_EXECUTION,TARGETED_REFRESH_REQUIRED_NOT_INFERRED_FROM_OLD_SNAPSHOT,NOT_EXECUTED_BY_THIS_PLAN
G37,IT Enabled Services,G37-L01-B01,2ac44096-8617-4d74-8634-f3c68ca6b7cb,SAGILITY,IT Enabled Services,Information Technology,IT_BPM_SERVICES,,P7_IC1_IT_BPM_SERVICES_METHODOLOGY_V1,False,False,,REVERIFY_ACTIVE_REVIEWED_ASSIGNMENT_BEFORE_EXECUTION,TARGETED_REFRESH_REQUIRED_NOT_INFERRED_FROM_OLD_SNAPSHOT,NOT_EXECUTED_BY_THIS_PLAN
G38,"Depositories, Clearing Houses and Other Intermediaries",G38-L01-B01,dd22c8e2-bb46-4176-a308-fab7afccf3e3,CAMS,"Depositories, Clearing Houses and Other Intermediaries",Financial Services,CAPITAL_MARKETS_AMC,,FIN_SERVICES_NON_LENDER_K4B_SCORING_V1,True,True,687400,REVERIFY_ACTIVE_REVIEWED_ASSIGNMENT_BEFORE_EXECUTION,TARGETED_REFRESH_REQUIRED_NOT_INFERRED_FROM_OLD_SNAPSHOT,NOT_EXECUTED_BY_THIS_PLAN
G39,Industrial Manufacturing,G39-L01-B01,c45b0c4f-ad18-48a8-bb7c-5cf88f6e2da2,KAYNES,Industrial Manufacturing,Capital Goods,INDUSTRIAL_PRODUCTS,,P7_IC1_INDUSTRIAL_PRODUCTS_METHODOLOGY_V1,True,False,685640,REVERIFY_ACTIVE_REVIEWED_ASSIGNMENT_BEFORE_EXECUTION,TARGETED_REFRESH_REQUIRED_NOT_INFERRED_FROM_OLD_SNAPSHOT,NOT_EXECUTED_BY_THIS_PLAN
G39,Industrial Manufacturing,G39-L01-B01,39eeaf90-d688-45c5-a6af-41651226afa4,CPPLUS,Industrial Manufacturing,Information Technology,INDUSTRIAL_PRODUCTS,,P7_IC1_INDUSTRIAL_PRODUCTS_METHODOLOGY_V1,False,True,,REVERIFY_ACTIVE_REVIEWED_ASSIGNMENT_BEFORE_EXECUTION,TARGETED_REFRESH_REQUIRED_NOT_INFERRED_FROM_OLD_SNAPSHOT,NOT_EXECUTED_BY_THIS_PLAN
G39,Industrial Manufacturing,G39-L01-B01,80b0c585-6ac4-4f41-b90c-6f37baa1e5b0,ICEMAKE,Industrial Manufacturing,Industrial,INDUSTRIAL_PRODUCTS,,P7_IC1_INDUSTRIAL_PRODUCTS_METHODOLOGY_V1,False,True,,REVERIFY_ACTIVE_REVIEWED_ASSIGNMENT_BEFORE_EXECUTION,TARGETED_REFRESH_REQUIRED_NOT_INFERRED_FROM_OLD_SNAPSHOT,NOT_EXECUTED_BY_THIS_PLAN
G39,Industrial Manufacturing,G39-L01-B01,a9f819b2-d9bc-40e9-817e-d8d9d7d21505,JASH,Industrial Manufacturing,Waste Managment,INDUSTRIAL_PRODUCTS,,P7_IC1_INDUSTRIAL_PRODUCTS_METHODOLOGY_V1,False,True,,REVERIFY_ACTIVE_REVIEWED_ASSIGNMENT_BEFORE_EXECUTION,TARGETED_REFRESH_REQUIRED_NOT_INFERRED_FROM_OLD_SNAPSHOT,NOT_EXECUTED_BY_THIS_PLAN
G39,Industrial Manufacturing,G39-L01-B01,b777c214-49f6-45d6-8871-2016421f7a39,PENIND,Industrial Manufacturing,Capital Goods,INDUSTRIAL_PRODUCTS,,P7_IC1_INDUSTRIAL_PRODUCTS_METHODOLOGY_V1,False,False,,REVERIFY_ACTIVE_REVIEWED_ASSIGNMENT_BEFORE_EXECUTION,TARGETED_REFRESH_REQUIRED_NOT_INFERRED_FROM_OLD_SNAPSHOT,NOT_EXECUTED_BY_THIS_PLAN
G39,Industrial Manufacturing,G39-L01-B01,c132a518-b937-45e7-8c39-e0e7484b89d1,PRAJIND,Industrial Manufacturing,Capital Goods,INDUSTRIAL_PRODUCTS,,P7_IC1_INDUSTRIAL_PRODUCTS_METHODOLOGY_V1,False,False,,REVERIFY_ACTIVE_REVIEWED_ASSIGNMENT_BEFORE_EXECUTION,TARGETED_REFRESH_REQUIRED_NOT_INFERRED_FROM_OLD_SNAPSHOT,NOT_EXECUTED_BY_THIS_PLAN
G40,Fertilizers & Agrochemicals,G40-L01-B01,1c205f01-6864-4628-8613-8580e5211fb9,COROMANDEL,Fertilizers & Agrochemicals,Chemicals,AGRO_FERTILISER,,CHEMICALS_V1_K4B_SCORING_V1,True,True,539160,REVERIFY_ACTIVE_REVIEWED_ASSIGNMENT_BEFORE_EXECUTION,TARGETED_REFRESH_REQUIRED_NOT_INFERRED_FROM_OLD_SNAPSHOT,NOT_EXECUTED_BY_THIS_PLAN
G40,Fertilizers & Agrochemicals,G40-L01-B01,7775968c-3fc7-4d59-8c28-ff8837bfc8d7,IPL,Fertilizers & Agrochemicals,Chemicals,AGRO_FERTILISER,,CHEMICALS_V1_K4B_SCORING_V1,True,True,129190,REVERIFY_ACTIVE_REVIEWED_ASSIGNMENT_BEFORE_EXECUTION,TARGETED_REFRESH_REQUIRED_NOT_INFERRED_FROM_OLD_SNAPSHOT,NOT_EXECUTED_BY_THIS_PLAN
G40,Fertilizers & Agrochemicals,G40-L01-B01,a683fb9b-5bb0-4347-8fe4-57e282b6bc77,DHARMAJ,Fertilizers & Agrochemicals,Material,AGRO_FERTILISER,,CHEMICALS_V1_K4B_SCORING_V1,False,True,,REVERIFY_ACTIVE_REVIEWED_ASSIGNMENT_BEFORE_EXECUTION,TARGETED_REFRESH_REQUIRED_NOT_INFERRED_FROM_OLD_SNAPSHOT,NOT_EXECUTED_BY_THIS_PLAN
G40,Fertilizers & Agrochemicals,G40-L01-B01,a40ecb86-108c-4bbf-80cf-c721eaa34c56,SHARDACROP,Fertilizers & Agrochemicals,Chemicals,AGRO_FERTILISER,,CHEMICALS_V1_K4B_SCORING_V1,False,False,,REVERIFY_ACTIVE_REVIEWED_ASSIGNMENT_BEFORE_EXECUTION,TARGETED_REFRESH_REQUIRED_NOT_INFERRED_FROM_OLD_SNAPSHOT,NOT_EXECUTED_BY_THIS_PLAN
G40,Fertilizers & Agrochemicals,G40-L01-B01,7d9004a0-be52-4583-b678-7fffdf7eb7ac,UPL,Fertilizers & Agrochemicals,Chemicals,AGRO_FERTILISER,,CHEMICALS_V1_K4B_SCORING_V1,False,False,,REVERIFY_ACTIVE_REVIEWED_ASSIGNMENT_BEFORE_EXECUTION,TARGETED_REFRESH_REQUIRED_NOT_INFERRED_FROM_OLD_SNAPSHOT,NOT_EXECUTED_BY_THIS_PLAN
G41,Household Appliances,G41-L01-B01,062e06db-2e81-4698-86f0-aa6b90f83853,BLUESTARCO,Household Appliances,Consumer Durables,CONSUMER_DURABLES,,P7_IC1_CONSUMER_DURABLES_METHODOLOGY_V1,True,True,452130,REVERIFY_ACTIVE_REVIEWED_ASSIGNMENT_BEFORE_EXECUTION,TARGETED_REFRESH_REQUIRED_NOT_INFERRED_FROM_OLD_SNAPSHOT,NOT_EXECUTED_BY_THIS_PLAN
G41,Household Appliances,G41-L01-B01,4b5237ea-28d4-4320-be0e-3ea0cc5da04a,CROMPTON,Household Appliances,Consumer Durables,CONSUMER_DURABLES,,P7_IC1_CONSUMER_DURABLES_METHODOLOGY_V1,True,True,211720,REVERIFY_ACTIVE_REVIEWED_ASSIGNMENT_BEFORE_EXECUTION,TARGETED_REFRESH_REQUIRED_NOT_INFERRED_FROM_OLD_SNAPSHOT,NOT_EXECUTED_BY_THIS_PLAN
G41,Household Appliances,G41-L01-B01,0451a0ce-963e-4d08-acb1-e46c113fc102,LGEINDIA,Household Appliances,Consumer Durables,CONSUMER_DURABLES,,P7_IC1_CONSUMER_DURABLES_METHODOLOGY_V1,False,False,,REVERIFY_ACTIVE_REVIEWED_ASSIGNMENT_BEFORE_EXECUTION,TARGETED_REFRESH_REQUIRED_NOT_INFERRED_FROM_OLD_SNAPSHOT,NOT_EXECUTED_BY_THIS_PLAN
G41,Household Appliances,G41-L01-B01,bfeaa75e-84c7-45ff-b0bb-22d664b017cb,VGUARD,Household Appliances,Consumer Durables,CONSUMER_DURABLES,,P7_IC1_CONSUMER_DURABLES_METHODOLOGY_V1,False,False,,REVERIFY_ACTIVE_REVIEWED_ASSIGNMENT_BEFORE_EXECUTION,TARGETED_REFRESH_REQUIRED_NOT_INFERRED_FROM_OLD_SNAPSHOT,NOT_EXECUTED_BY_THIS_PLAN
G41,Household Appliances,G41-L01-B01,232eef67-1e6b-4080-9ef1-95dfa8018488,VOLTAS,Household Appliances,Consumer Durables,CONSUMER_DURABLES,,P7_IC1_CONSUMER_DURABLES_METHODOLOGY_V1,False,False,,REVERIFY_ACTIVE_REVIEWED_ASSIGNMENT_BEFORE_EXECUTION,TARGETED_REFRESH_REQUIRED_NOT_INFERRED_FROM_OLD_SNAPSHOT,NOT_EXECUTED_BY_THIS_PLAN
G42,Personal / household care,G42-L01-B01,5f9e4c04-44ec-4d01-ae15-180dc1794547,HINDUNILVR,Personal Care / Household Products,Fast Moving Consumer Goods,BRANDED_CONSUMER_FMCG,,CONSUMER_FMCG_K4B_SCORING_V1,True,True,551340,REVERIFY_ACTIVE_REVIEWED_ASSIGNMENT_BEFORE_EXECUTION,TARGETED_REFRESH_REQUIRED_NOT_INFERRED_FROM_OLD_SNAPSHOT,NOT_EXECUTED_BY_THIS_PLAN
G42,Personal / household care,G42-L01-B01,08939466-a3bb-4a59-8605-8917d6a547de,JYOTHYLAB,Personal Products / Household Care,Fast Moving Consumer Goods,BRANDED_CONSUMER_FMCG,,CONSUMER_FMCG_K4B_SCORING_V1,True,True,90600,REVERIFY_ACTIVE_REVIEWED_ASSIGNMENT_BEFORE_EXECUTION,TARGETED_REFRESH_REQUIRED_NOT_INFERRED_FROM_OLD_SNAPSHOT,NOT_EXECUTED_BY_THIS_PLAN
G43,Textiles & Apparels,G43-L01-B01,b034a0c0-27bc-46fd-a0eb-c038004a31aa,ARVIND,Textiles & Apparels,Textiles,TEXTILES_APPAREL,,P7_IC1_TEXTILES_APPAREL_METHODOLOGY_V1,True,True,638040,REVERIFY_ACTIVE_REVIEWED_ASSIGNMENT_BEFORE_EXECUTION,TARGETED_REFRESH_REQUIRED_NOT_INFERRED_FROM_OLD_SNAPSHOT,NOT_EXECUTED_BY_THIS_PLAN
G43,Textiles & Apparels,G43-L01-B01,9c938fe4-7567-4e76-a8f2-edf98098ac42,FAZE3Q,Textiles & Apparels,Textiles,TEXTILES_APPAREL,,P7_IC1_TEXTILES_APPAREL_METHODOLOGY_V1,False,True,,REVERIFY_ACTIVE_REVIEWED_ASSIGNMENT_BEFORE_EXECUTION,TARGETED_REFRESH_REQUIRED_NOT_INFERRED_FROM_OLD_SNAPSHOT,NOT_EXECUTED_BY_THIS_PLAN
G43,Textiles & Apparels,G43-L01-B01,8dd18833-e48d-4351-b248-8757246f4ae2,GOKEX,Textiles & Apparels,Textiles,TEXTILES_APPAREL,,P7_IC1_TEXTILES_APPAREL_METHODOLOGY_V1,False,True,,REVERIFY_ACTIVE_REVIEWED_ASSIGNMENT_BEFORE_EXECUTION,TARGETED_REFRESH_REQUIRED_NOT_INFERRED_FROM_OLD_SNAPSHOT,NOT_EXECUTED_BY_THIS_PLAN
G43,Textiles & Apparels,G43-L01-B01,0071a138-f152-412f-a71a-34075ae7ed2e,ICIL,Textiles & Apparels,Textiles,TEXTILES_APPAREL,,P7_IC1_TEXTILES_APPAREL_METHODOLOGY_V1,False,True,,REVERIFY_ACTIVE_REVIEWED_ASSIGNMENT_BEFORE_EXECUTION,TARGETED_REFRESH_REQUIRED_NOT_INFERRED_FROM_OLD_SNAPSHOT,NOT_EXECUTED_BY_THIS_PLAN
G43,Textiles & Apparels,G43-L01-B01,918fa483-1877-493d-ab55-17bf01e40808,SANGAMIND,Textiles & Apparels,Textiles,TEXTILES_APPAREL,,P7_IC1_TEXTILES_APPAREL_METHODOLOGY_V1,False,False,,REVERIFY_ACTIVE_REVIEWED_ASSIGNMENT_BEFORE_EXECUTION,TARGETED_REFRESH_REQUIRED_NOT_INFERRED_FROM_OLD_SNAPSHOT,NOT_EXECUTED_BY_THIS_PLAN
G43,Textiles & Apparels,G43-L01-B01,2f1c70cb-07eb-4f13-b1eb-222057225ac1,WELSPUNLIV,Textiles & Apparels,Textiles,TEXTILES_APPAREL,,P7_IC1_TEXTILES_APPAREL_METHODOLOGY_V1,False,False,,REVERIFY_ACTIVE_REVIEWED_ASSIGNMENT_BEFORE_EXECUTION,TARGETED_REFRESH_REQUIRED_NOT_INFERRED_FROM_OLD_SNAPSHOT,NOT_EXECUTED_BY_THIS_PLAN
G44,Computers Hardware & Equipments,G44-L01-B01,9503c7f0-33f1-42aa-a804-134c848c18fb,EBGNG,Computers Hardware & Equipments,Information Technology,IT_DIGITAL_INFRA_HARDWARE,,IT_TECH_K4B_SCORING_V1,True,True,631485,REVERIFY_ACTIVE_REVIEWED_ASSIGNMENT_BEFORE_EXECUTION,TARGETED_REFRESH_REQUIRED_NOT_INFERRED_FROM_OLD_SNAPSHOT,NOT_EXECUTED_BY_THIS_PLAN
G44,Computers Hardware & Equipments,G44-L01-B01,f374e641-2d87-43b0-b886-7a8728bf4d8d,DLINKINDIA,Computers Hardware & Equipments,Information Technology,IT_DIGITAL_INFRA_HARDWARE,,IT_TECH_K4B_SCORING_V1,False,True,,REVERIFY_ACTIVE_REVIEWED_ASSIGNMENT_BEFORE_EXECUTION,TARGETED_REFRESH_REQUIRED_NOT_INFERRED_FROM_OLD_SNAPSHOT,NOT_EXECUTED_BY_THIS_PLAN
G45,Automobiles,G45-L01-B01,6a3d3238-6e7d-4d3e-8be6-d239764abe45,HYUNDAI,Automobiles,Automobile and Auto Components,AUTO_OEM,,AUTO_COMPONENTS_K4B_SCORING_V1,True,True,600630,REVERIFY_ACTIVE_REVIEWED_ASSIGNMENT_BEFORE_EXECUTION,TARGETED_REFRESH_REQUIRED_NOT_INFERRED_FROM_OLD_SNAPSHOT,NOT_EXECUTED_BY_THIS_PLAN
G45,Automobiles,G45-L01-B01,dfc85654-351b-477d-8362-6babb6bfb337,TMPV,Automobiles,Automobile and Auto Components,AUTO_OEM,,AUTO_COMPONENTS_K4B_SCORING_V1,False,False,,REVERIFY_ACTIVE_REVIEWED_ASSIGNMENT_BEFORE_EXECUTION,TARGETED_REFRESH_REQUIRED_NOT_INFERRED_FROM_OLD_SNAPSHOT,NOT_EXECUTED_BY_THIS_PLAN
G46,Public Sector Bank,G46-L01-B01,5275dd14-35ba-4feb-94d8-f8d1facb19d3,INDIANB,Public Sector Bank,Banking,BANK,,BANK_NBFC_STAGE_8_BANK_V1,True,True,565880,REVERIFY_ACTIVE_REVIEWED_ASSIGNMENT_BEFORE_EXECUTION,TARGETED_REFRESH_REQUIRED_NOT_INFERRED_FROM_OLD_SNAPSHOT,NOT_EXECUTED_BY_THIS_PLAN
G46,Public Sector Bank,G46-L01-B01,709027f9-d381-4f32-ba20-287da4a72d7a,UNIONBANK,Public Sector Bank,Banking,BANK,,BANK_NBFC_STAGE_8_BANK_V1,False,False,,REVERIFY_ACTIVE_REVIEWED_ASSIGNMENT_BEFORE_EXECUTION,TARGETED_REFRESH_REQUIRED_NOT_INFERRED_FROM_OLD_SNAPSHOT,NOT_EXECUTED_BY_THIS_PLAN
G47,Water Supply & Management,G47-L01-B01,5639e7a2-275a-4c8c-be0b-3e0d59a1ecec,IONEXCHANG,Water Supply & Management,Waste Managment,ENVIRONMENTAL_SERVICES,,P7_IC1_ENVIRONMENTAL_SERVICES_METHODOLOGY_V1,True,True,525590,REVERIFY_ACTIVE_REVIEWED_ASSIGNMENT_BEFORE_EXECUTION,TARGETED_REFRESH_REQUIRED_NOT_INFERRED_FROM_OLD_SNAPSHOT,NOT_EXECUTED_BY_THIS_PLAN
G47,Water Supply & Management,G47-L01-B01,4e30d7b2-e298-44a7-a8de-bbfc00402cf2,EIEL,Water Supply & Management,Waste Managment,ENVIRONMENTAL_SERVICES,,P7_IC1_ENVIRONMENTAL_SERVICES_METHODOLOGY_V1,False,True,,REVERIFY_ACTIVE_REVIEWED_ASSIGNMENT_BEFORE_EXECUTION,TARGETED_REFRESH_REQUIRED_NOT_INFERRED_FROM_OLD_SNAPSHOT,NOT_EXECUTED_BY_THIS_PLAN
G48,Other Bank,G48-L01-B01,f5c47463-3c6d-4db0-a815-e4301e990213,AUBANK,Other Bank,Banking,BANK,,BANK_NBFC_STAGE_8_BANK_V1,True,True,516600,REVERIFY_ACTIVE_REVIEWED_ASSIGNMENT_BEFORE_EXECUTION,TARGETED_REFRESH_REQUIRED_NOT_INFERRED_FROM_OLD_SNAPSHOT,NOT_EXECUTED_BY_THIS_PLAN
G49,Telecom - Infrastructure,G49-L01-B01,1c038626-26ac-4632-a446-4de7f0fc3245,INDUSTOWER,Telecom - Infrastructure,Telecommunication,TELECOM_INFRA,,P7_IC1_TELECOM_INFRA_METHODOLOGY_V1,True,True,454800,REVERIFY_ACTIVE_REVIEWED_ASSIGNMENT_BEFORE_EXECUTION,TARGETED_REFRESH_REQUIRED_NOT_INFERRED_FROM_OLD_SNAPSHOT,NOT_EXECUTED_BY_THIS_PLAN
G50,Logistics Solution Provider,G50-L01-B01,eaa32fc2-c081-4565-8836-26017cbaf1bd,DELHIVERY,Logistics Solution Provider,Services,LOGISTICS,,P7_IC1_LOGISTICS_METHODOLOGY_V1,True,True,402950,REVERIFY_ACTIVE_REVIEWED_ASSIGNMENT_BEFORE_EXECUTION,TARGETED_REFRESH_REQUIRED_NOT_INFERRED_FROM_OLD_SNAPSHOT,NOT_EXECUTED_BY_THIS_PLAN
G51,Pharma — BIOPHARMA_BIOSIMILARS,G51-L01-B01,bfc9de73-b3a2-42d9-9d25-a7f871890ccd,BIOCON,Pharmaceuticals,Pharma,PHARMA,BIOPHARMA_BIOSIMILARS,PHARMA_V1_PLUS_REVIEWED_PRIMARY_SUBPROFILE,True,True,369300,REVERIFY_ACTIVE_REVIEWED_ASSIGNMENT_BEFORE_EXECUTION,TARGETED_REFRESH_REQUIRED_NOT_INFERRED_FROM_OLD_SNAPSHOT,NOT_EXECUTED_BY_THIS_PLAN
G52,Tea & Coffee,G52-L02-B01,6ba09398-e18c-41d5-af2f-db6fe3d9e591,CCL,Tea & Coffee,Fast Moving Consumer Goods,BRANDED_CONSUMER_FMCG,,CONSUMER_FMCG_K4B_SCORING_V1,True,True,313560,REVERIFY_ACTIVE_REVIEWED_ASSIGNMENT_BEFORE_EXECUTION,TARGETED_REFRESH_REQUIRED_NOT_INFERRED_FROM_OLD_SNAPSHOT,NOT_EXECUTED_BY_THIS_PLAN
G52,Tea & Coffee,G52-L01-B01,ee7b993e-d5e2-472c-9095-c6f4e2fefb94,VINCOFE,Tea & Coffee,Consumer Discretionary,AGRI_PROCESSING,,P7_IC1_AGRI_PROCESSING_METHODOLOGY_V1,False,False,,REVERIFY_ACTIVE_REVIEWED_ASSIGNMENT_BEFORE_EXECUTION,TARGETED_REFRESH_REQUIRED_NOT_INFERRED_FROM_OLD_SNAPSHOT,NOT_EXECUTED_BY_THIS_PLAN
G53,Consumable Fuels,G53-L01-B01,b9ec22c1-bb74-4206-8d14-45b1f4b10293,COALINDIA,Consumable Fuels,Oil Gas & Consumable Fuels,SOLID_FUELS_MINING,,P7_IC1_SOLID_FUELS_MINING_METHODOLOGY_V1,True,True,297185,REVERIFY_ACTIVE_REVIEWED_ASSIGNMENT_BEFORE_EXECUTION,TARGETED_REFRESH_REQUIRED_NOT_INFERRED_FROM_OLD_SNAPSHOT,NOT_EXECUTED_BY_THIS_PLAN
G54,Other Food & Beverages,G54-L01-B01,4365b9c2-3dd2-4086-9077-fcf0ec71e6c9,VBL,Other Food & Beverages,Fast Moving Consumer Goods,BRANDED_CONSUMER_FMCG,,CONSUMER_FMCG_K4B_SCORING_V1,True,False,261270,REVERIFY_ACTIVE_REVIEWED_ASSIGNMENT_BEFORE_EXECUTION,TARGETED_REFRESH_REQUIRED_NOT_INFERRED_FROM_OLD_SNAPSHOT,NOT_EXECUTED_BY_THIS_PLAN
G55,Financial Institutions,G55-L01-B01,ef6062bb-1e44-4c28-9d3b-a2b0397757e8,IREDA,Financial Institutions,Financial Services,NBFC_LENDING,,P7_IC1_NBFC_LENDING_METHODOLOGY_V1,True,True,164070,REVERIFY_ACTIVE_REVIEWED_ASSIGNMENT_BEFORE_EXECUTION,TARGETED_REFRESH_REQUIRED_NOT_INFERRED_FROM_OLD_SNAPSHOT,NOT_EXECUTED_BY_THIS_PLAN
G55,Financial Institutions,G55-L01-B01,2eda5141-166f-48e3-9f0e-625814ab7019,HUDCO,Financial Institutions,Financial Services,NBFC_LENDING,,P7_IC1_NBFC_LENDING_METHODOLOGY_V1,True,True,81550,REVERIFY_ACTIVE_REVIEWED_ASSIGNMENT_BEFORE_EXECUTION,TARGETED_REFRESH_REQUIRED_NOT_INFERRED_FROM_OLD_SNAPSHOT,NOT_EXECUTED_BY_THIS_PLAN
G56,Packaged Foods,G56-L01-B01,25ae050e-8ce0-4c17-9dfc-56fb8202e7b0,BIKAJI,Packaged Foods,Fast Moving Consumer Goods,BRANDED_CONSUMER_FMCG,,CONSUMER_FMCG_K4B_SCORING_V1,True,True,244600,REVERIFY_ACTIVE_REVIEWED_ASSIGNMENT_BEFORE_EXECUTION,TARGETED_REFRESH_REQUIRED_NOT_INFERRED_FROM_OLD_SNAPSHOT,NOT_EXECUTED_BY_THIS_PLAN
G56,Packaged Foods,G56-L01-B01,abc4a0b2-9063-4a8c-8bf9-5f1ea69ea87f,BECTORFOOD,Packaged Foods,FMCG,BRANDED_CONSUMER_FMCG,,CONSUMER_FMCG_K4B_SCORING_V1,False,True,,REVERIFY_ACTIVE_REVIEWED_ASSIGNMENT_BEFORE_EXECUTION,TARGETED_REFRESH_REQUIRED_NOT_INFERRED_FROM_OLD_SNAPSHOT,NOT_EXECUTED_BY_THIS_PLAN
G56,Packaged Foods,G56-L01-B01,7d734810-b30d-469b-9015-2c43207355b1,GOPAL,Packaged Foods,FMCG,BRANDED_CONSUMER_FMCG,,CONSUMER_FMCG_K4B_SCORING_V1,False,True,,REVERIFY_ACTIVE_REVIEWED_ASSIGNMENT_BEFORE_EXECUTION,TARGETED_REFRESH_REQUIRED_NOT_INFERRED_FROM_OLD_SNAPSHOT,NOT_EXECUTED_BY_THIS_PLAN
G56,Packaged Foods,G56-L01-B01,6274b710-39e8-4c5d-ab6d-ec01cb4f4cf9,ZYDUSWELL,Packaged Foods,Pharma,BRANDED_CONSUMER_FMCG,,CONSUMER_FMCG_K4B_SCORING_V1,False,False,,REVERIFY_ACTIVE_REVIEWED_ASSIGNMENT_BEFORE_EXECUTION,TARGETED_REFRESH_REQUIRED_NOT_INFERRED_FROM_OLD_SNAPSHOT,NOT_EXECUTED_BY_THIS_PLAN
G57,Agrochemicals,G57-L01-B01,8ef58a96-0896-47c1-859e-69dbb55e37a7,PIIND,Agrochemicals,Chemicals,AGRO_FERTILISER,,CHEMICALS_V1_K4B_SCORING_V1,True,False,221520,REVERIFY_ACTIVE_REVIEWED_ASSIGNMENT_BEFORE_EXECUTION,TARGETED_REFRESH_REQUIRED_NOT_INFERRED_FROM_OLD_SNAPSHOT,NOT_EXECUTED_BY_THIS_PLAN
G58,Pharma — ASSIGNMENT_REVIEW_REQUIRED,G58-L01-B01,c9b5f6f8-76be-435d-bba0-c4432e8441df,BLUEJET,Pharmaceuticals,Healthcare,PHARMA,,PHARMA_V1_PLUS_REVIEWED_PRIMARY_SUBPROFILE,True,True,214800,REVERIFY_ACTIVE_REVIEWED_ASSIGNMENT_BEFORE_EXECUTION,TARGETED_REFRESH_REQUIRED_NOT_INFERRED_FROM_OLD_SNAPSHOT,NOT_EXECUTED_BY_THIS_PLAN
G59,IT Software Products,G59-L01-B01,462c3c0e-a356-417d-8e8b-d3aa7b3d7b10,ZAGGLE,IT Software Products,Information Technology,IT_SOFTWARE_PRODUCTS_PLATFORMS,,IT_TECH_K4B_SCORING_V1,True,False,51315,REVERIFY_ACTIVE_REVIEWED_ASSIGNMENT_BEFORE_EXECUTION,TARGETED_REFRESH_REQUIRED_NOT_INFERRED_FROM_OLD_SNAPSHOT,NOT_EXECUTED_BY_THIS_PLAN
G60,Diversified Commercial Services,G60-L01-B01,e08c0b9e-a2d9-45b4-97b1-49e078869d3b,BLUSPRING,Diversified Commercial Services,Services,BUSINESS_SERVICES,,P7_IC1_BUSINESS_SERVICES_METHODOLOGY_V1,True,True,43578,REVERIFY_ACTIVE_REVIEWED_ASSIGNMENT_BEFORE_EXECUTION,TARGETED_REFRESH_REQUIRED_NOT_INFERRED_FROM_OLD_SNAPSHOT,NOT_EXECUTED_BY_THIS_PLAN
G60,Diversified Commercial Services,G60-L01-B01,594ae613-188b-4dd5-b533-5ff21a67e96b,QUESS,Diversified Commercial Services,Services,BUSINESS_SERVICES,,P7_IC1_BUSINESS_SERVICES_METHODOLOGY_V1,False,False,,REVERIFY_ACTIVE_REVIEWED_ASSIGNMENT_BEFORE_EXECUTION,TARGETED_REFRESH_REQUIRED_NOT_INFERRED_FROM_OLD_SNAPSHOT,NOT_EXECUTED_BY_THIS_PLAN
G61,"Agricultural, Commercial & Construction Vehicles",G61-L01-B01,986f6527-d5e6-4fe2-af2d-576ddccedb57,TMCV,"Agricultural, Commercial & Construction Vehicles",Automobile and Auto Components,AUTO_OEM,,AUTO_COMPONENTS_K4B_SCORING_V1,False,False,,REVERIFY_ACTIVE_REVIEWED_ASSIGNMENT_BEFORE_EXECUTION,TARGETED_REFRESH_REQUIRED_NOT_INFERRED_FROM_OLD_SNAPSHOT,NOT_EXECUTED_BY_THIS_PLAN
G62,Breweries & Distilleries,G62-L01-B01,ec24a599-8ce8-42af-99c4-aae80f715132,GMBREW,Breweries & Distilleries,Consumer Staples,BRANDED_CONSUMER_FMCG,,CONSUMER_FMCG_K4B_SCORING_V1,False,True,,REVERIFY_ACTIVE_REVIEWED_ASSIGNMENT_BEFORE_EXECUTION,TARGETED_REFRESH_REQUIRED_NOT_INFERRED_FROM_OLD_SNAPSHOT,NOT_EXECUTED_BY_THIS_PLAN
G62,Breweries & Distilleries,G62-L01-B01,bb281a98-157e-4b33-ba4c-4b67ebe978d8,RADICO,Breweries & Distilleries,Fast Moving Consumer Goods,BRANDED_CONSUMER_FMCG,,CONSUMER_FMCG_K4B_SCORING_V1,False,False,,REVERIFY_ACTIVE_REVIEWED_ASSIGNMENT_BEFORE_EXECUTION,TARGETED_REFRESH_REQUIRED_NOT_INFERRED_FROM_OLD_SNAPSHOT,NOT_EXECUTED_BY_THIS_PLAN
G62,Breweries & Distilleries,G62-L01-B01,39bd0573-00ef-43fe-b87d-408a8c2da251,TI,Breweries & Distilleries,Fast Moving Consumer Goods,BRANDED_CONSUMER_FMCG,,CONSUMER_FMCG_K4B_SCORING_V1,False,False,,REVERIFY_ACTIVE_REVIEWED_ASSIGNMENT_BEFORE_EXECUTION,TARGETED_REFRESH_REQUIRED_NOT_INFERRED_FROM_OLD_SNAPSHOT,NOT_EXECUTED_BY_THIS_PLAN
G62,Breweries & Distilleries,G62-L01-B01,260e8085-474e-46aa-bf10-3d0616691c22,UNITDSPR,Breweries & Distilleries,Fast Moving Consumer Goods,BRANDED_CONSUMER_FMCG,,CONSUMER_FMCG_K4B_SCORING_V1,False,False,,REVERIFY_ACTIVE_REVIEWED_ASSIGNMENT_BEFORE_EXECUTION,TARGETED_REFRESH_REQUIRED_NOT_INFERRED_FROM_OLD_SNAPSHOT,NOT_EXECUTED_BY_THIS_PLAN
G63,Chemicals & Petrochemicals,G63-L01-B01,56520f0f-1be1-474f-89b0-b5613a1082d9,GNFC,Chemicals & Petrochemicals,Chemicals,DIVERSIFIED_CHEMICALS_PETROCHEM,,P7_IC1_DIVERSIFIED_CHEMICALS_PETROCHEM_METHODOLOGY_V1,False,True,,REVERIFY_ACTIVE_REVIEWED_ASSIGNMENT_BEFORE_EXECUTION,TARGETED_REFRESH_REQUIRED_NOT_INFERRED_FROM_OLD_SNAPSHOT,NOT_EXECUTED_BY_THIS_PLAN
G63,Chemicals & Petrochemicals,G63-L01-B01,ad916ec7-03d2-4b70-8db1-bf30ee6a497f,PCBL,Chemicals & Petrochemicals,Chemicals,DIVERSIFIED_CHEMICALS_PETROCHEM,,P7_IC1_DIVERSIFIED_CHEMICALS_PETROCHEM_METHODOLOGY_V1,False,False,,REVERIFY_ACTIVE_REVIEWED_ASSIGNMENT_BEFORE_EXECUTION,TARGETED_REFRESH_REQUIRED_NOT_INFERRED_FROM_OLD_SNAPSHOT,NOT_EXECUTED_BY_THIS_PLAN
G63,Chemicals & Petrochemicals,G63-L01-B01,ff1593fe-3e16-441e-a44a-95cc192280b4,PRIVISCL,Chemicals & Petrochemicals,Chemicals,DIVERSIFIED_CHEMICALS_PETROCHEM,,P7_IC1_DIVERSIFIED_CHEMICALS_PETROCHEM_METHODOLOGY_V1,False,False,,REVERIFY_ACTIVE_REVIEWED_ASSIGNMENT_BEFORE_EXECUTION,TARGETED_REFRESH_REQUIRED_NOT_INFERRED_FROM_OLD_SNAPSHOT,NOT_EXECUTED_BY_THIS_PLAN
G63,Chemicals & Petrochemicals,G63-L01-B01,bddd7a50-5b17-4055-9da8-86c729df91b8,SRF,Chemicals & Petrochemicals,Chemicals,DIVERSIFIED_CHEMICALS_PETROCHEM,,P7_IC1_DIVERSIFIED_CHEMICALS_PETROCHEM_METHODOLOGY_V1,False,False,,REVERIFY_ACTIVE_REVIEWED_ASSIGNMENT_BEFORE_EXECUTION,TARGETED_REFRESH_REQUIRED_NOT_INFERRED_FROM_OLD_SNAPSHOT,NOT_EXECUTED_BY_THIS_PLAN
G63,Chemicals & Petrochemicals,G63-L01-B01,707302e8-51d9-4d49-80fe-7bb9572fe986,SRHHYPOLTD,Chemicals & Petrochemicals,Waste Managment,DIVERSIFIED_CHEMICALS_PETROCHEM,,P7_IC1_DIVERSIFIED_CHEMICALS_PETROCHEM_METHODOLOGY_V1,False,False,,REVERIFY_ACTIVE_REVIEWED_ASSIGNMENT_BEFORE_EXECUTION,TARGETED_REFRESH_REQUIRED_NOT_INFERRED_FROM_OLD_SNAPSHOT,NOT_EXECUTED_BY_THIS_PLAN
G63,Chemicals & Petrochemicals,G63-L01-B01,3f3e4dc7-7a59-4bca-9fc4-2a9039d97763,TATVA,Chemicals & Petrochemicals,Chemicals,DIVERSIFIED_CHEMICALS_PETROCHEM,,P7_IC1_DIVERSIFIED_CHEMICALS_PETROCHEM_METHODOLOGY_V1,False,False,,REVERIFY_ACTIVE_REVIEWED_ASSIGNMENT_BEFORE_EXECUTION,TARGETED_REFRESH_REQUIRED_NOT_INFERRED_FROM_OLD_SNAPSHOT,NOT_EXECUTED_BY_THIS_PLAN
G63,Chemicals & Petrochemicals,G63-L01-B01,89711399-fd63-4c52-a59b-735a85dc4c15,VINATIORGA,Chemicals & Petrochemicals,Chemicals,DIVERSIFIED_CHEMICALS_PETROCHEM,,P7_IC1_DIVERSIFIED_CHEMICALS_PETROCHEM_METHODOLOGY_V1,False,False,,REVERIFY_ACTIVE_REVIEWED_ASSIGNMENT_BEFORE_EXECUTION,TARGETED_REFRESH_REQUIRED_NOT_INFERRED_FROM_OLD_SNAPSHOT,NOT_EXECUTED_BY_THIS_PLAN
G63,Chemicals & Petrochemicals,G63-L01-B01,5284d0db-5e71-4366-a6f7-fb8fca39a7a1,VISHNU,Chemicals & Petrochemicals,Chemicals,DIVERSIFIED_CHEMICALS_PETROCHEM,,P7_IC1_DIVERSIFIED_CHEMICALS_PETROCHEM_METHODOLOGY_V1,False,False,,REVERIFY_ACTIVE_REVIEWED_ASSIGNMENT_BEFORE_EXECUTION,TARGETED_REFRESH_REQUIRED_NOT_INFERRED_FROM_OLD_SNAPSHOT,NOT_EXECUTED_BY_THIS_PLAN
G64,Diversified Metals,G64-L01-B01,7069b47e-cef5-46d8-80a7-05b88ed0c27d,POCL,Diversified Metals,Chemicals,NON_FERROUS_DIVERSIFIED_METALS,,METALS_COMMODITIES_K4B_SCORING_V1,False,False,,REVERIFY_ACTIVE_REVIEWED_ASSIGNMENT_BEFORE_EXECUTION,TARGETED_REFRESH_REQUIRED_NOT_INFERRED_FROM_OLD_SNAPSHOT,NOT_EXECUTED_BY_THIS_PLAN
G64,Diversified Metals,G64-L01-B01,2065b292-6f3a-4c30-8e63-e2b845862ad4,VEDL,Diversified Metals,Metals & Mining,NON_FERROUS_DIVERSIFIED_METALS,,METALS_COMMODITIES_K4B_SCORING_V1,False,False,,REVERIFY_ACTIVE_REVIEWED_ASSIGNMENT_BEFORE_EXECUTION,TARGETED_REFRESH_REQUIRED_NOT_INFERRED_FROM_OLD_SNAPSHOT,NOT_EXECUTED_BY_THIS_PLAN
G65,Electrical Equipment,G65-L01-B01,d6a4507e-86a5-4ea4-8033-465378b82cac,INOXWIND,Electrical Equipment,Capital Goods,CAPITAL_EQUIPMENT_ELECTRICAL,,INDUSTRIALS_CAPITAL_GOODS_K4B_SCORING_V1,False,True,,REVERIFY_ACTIVE_REVIEWED_ASSIGNMENT_BEFORE_EXECUTION,TARGETED_REFRESH_REQUIRED_NOT_INFERRED_FROM_OLD_SNAPSHOT,NOT_EXECUTED_BY_THIS_PLAN
G65,Electrical Equipment,G65-L01-B01,8182eac5-2cc0-4589-8d9b-8818b5492147,PREMIERENE,Electrical Equipment,Capital Goods,CAPITAL_EQUIPMENT_ELECTRICAL,,INDUSTRIALS_CAPITAL_GOODS_K4B_SCORING_V1,False,False,,REVERIFY_ACTIVE_REVIEWED_ASSIGNMENT_BEFORE_EXECUTION,TARGETED_REFRESH_REQUIRED_NOT_INFERRED_FROM_OLD_SNAPSHOT,NOT_EXECUTED_BY_THIS_PLAN
G65,Electrical Equipment,G65-L01-B01,7f1cf32d-41a3-4fbb-9eb4-754e0d61af3e,SUZLON,Electrical Equipment,Capital Goods,CAPITAL_EQUIPMENT_ELECTRICAL,,INDUSTRIALS_CAPITAL_GOODS_K4B_SCORING_V1,False,False,,REVERIFY_ACTIVE_REVIEWED_ASSIGNMENT_BEFORE_EXECUTION,TARGETED_REFRESH_REQUIRED_NOT_INFERRED_FROM_OLD_SNAPSHOT,NOT_EXECUTED_BY_THIS_PLAN
G65,Electrical Equipment,G65-L01-B01,04cca0a6-b5ac-4f4b-9320-9efe98532d7b,UTLSOLAR,Electrical Equipment,Renewable Energy,CAPITAL_EQUIPMENT_ELECTRICAL,,INDUSTRIALS_CAPITAL_GOODS_K4B_SCORING_V1,False,False,,REVERIFY_ACTIVE_REVIEWED_ASSIGNMENT_BEFORE_EXECUTION,TARGETED_REFRESH_REQUIRED_NOT_INFERRED_FROM_OLD_SNAPSHOT,NOT_EXECUTED_BY_THIS_PLAN
G66,Financial Technology (Fintech),G66-L01-B01,fcdef75b-3a97-4c04-976c-a6d01d8ea64e,PINELABS,Financial Technology (Fintech),Financial Services,FINTECH_PLATFORM,,FIN_SERVICES_NON_LENDER_K4B_SCORING_V1,False,False,,REVERIFY_ACTIVE_REVIEWED_ASSIGNMENT_BEFORE_EXECUTION,TARGETED_REFRESH_REQUIRED_NOT_INFERRED_FROM_OLD_SNAPSHOT,NOT_EXECUTED_BY_THIS_PLAN
G67,Fintech / Insurance Brokerage & Platform,G67-L01-B01,757fe5d9-b246-44aa-84b6-13dd933f2d34,POLICYBZR,Fintech / Insurance Brokerage & Platform,Financial Services,FINTECH_PLATFORM,,FIN_SERVICES_NON_LENDER_K4B_SCORING_V1,False,False,,REVERIFY_ACTIVE_REVIEWED_ASSIGNMENT_BEFORE_EXECUTION,TARGETED_REFRESH_REQUIRED_NOT_INFERRED_FROM_OLD_SNAPSHOT,NOT_EXECUTED_BY_THIS_PLAN
G68,Gas,G68-L01-B01,9bb1ec21-89b8-4f1a-80c7-46c2a5269c14,GAIL,Gas,Oil Gas & Consumable Fuels,MIDSTREAM_CITY_GAS,,OIL_GAS_V1_K4B_SCORING_V1,False,True,,REVERIFY_ACTIVE_REVIEWED_ASSIGNMENT_BEFORE_EXECUTION,TARGETED_REFRESH_REQUIRED_NOT_INFERRED_FROM_OLD_SNAPSHOT,NOT_EXECUTED_BY_THIS_PLAN
G68,Gas,G68-L01-B01,259861a8-729a-42e3-b8a9-9a000113a870,IGL,Gas,Oil Gas & Consumable Fuels,MIDSTREAM_CITY_GAS,,OIL_GAS_V1_K4B_SCORING_V1,False,True,,REVERIFY_ACTIVE_REVIEWED_ASSIGNMENT_BEFORE_EXECUTION,TARGETED_REFRESH_REQUIRED_NOT_INFERRED_FROM_OLD_SNAPSHOT,NOT_EXECUTED_BY_THIS_PLAN
G68,Gas,G68-L01-B01,bf46f902-d54b-4add-b470-70d5171773ba,IRMENERGY,Gas,Energy,MIDSTREAM_CITY_GAS,,OIL_GAS_V1_K4B_SCORING_V1,False,True,,REVERIFY_ACTIVE_REVIEWED_ASSIGNMENT_BEFORE_EXECUTION,TARGETED_REFRESH_REQUIRED_NOT_INFERRED_FROM_OLD_SNAPSHOT,NOT_EXECUTED_BY_THIS_PLAN
G68,Gas,G68-L01-B01,fbc6ce5f-afd3-460f-9d4d-cdbaf4737eff,MGL,Gas,Oil Gas & Consumable Fuels,MIDSTREAM_CITY_GAS,,OIL_GAS_V1_K4B_SCORING_V1,False,False,,REVERIFY_ACTIVE_REVIEWED_ASSIGNMENT_BEFORE_EXECUTION,TARGETED_REFRESH_REQUIRED_NOT_INFERRED_FROM_OLD_SNAPSHOT,NOT_EXECUTED_BY_THIS_PLAN
G69,General Insurance,G69-L01-B01,7176239e-fd2d-4d2d-83e6-7cc1a6b3f8ff,STARHEALTH,General Insurance,Financial Services,INSURANCE,,FIN_SERVICES_NON_LENDER_K4B_SCORING_V1,False,False,,REVERIFY_ACTIVE_REVIEWED_ASSIGNMENT_BEFORE_EXECUTION,TARGETED_REFRESH_REQUIRED_NOT_INFERRED_FROM_OLD_SNAPSHOT,NOT_EXECUTED_BY_THIS_PLAN
G70,Green & Renewable Energy,G70-L01-B01,a1bd7e72-4c20-4b24-8f41-cc126e4d9dfc,NHPC,Green & Renewable Energy,Power,RENEWABLE_IPP,,POWER_RENEWABLES_V1_K4B_SCORING_V1,False,False,,REVERIFY_ACTIVE_REVIEWED_ASSIGNMENT_BEFORE_EXECUTION,TARGETED_REFRESH_REQUIRED_NOT_INFERRED_FROM_OLD_SNAPSHOT,NOT_EXECUTED_BY_THIS_PLAN
G71,Housing Finance Company,G71-L01-B01,9a81c359-b798-4290-bc2a-c06d14981e98,PNBHOUSING,Housing Finance Company,Financial Services,NBFC_LENDING,,P7_IC1_NBFC_LENDING_METHODOLOGY_V1,False,False,,REVERIFY_ACTIVE_REVIEWED_ASSIGNMENT_BEFORE_EXECUTION,TARGETED_REFRESH_REQUIRED_NOT_INFERRED_FROM_OLD_SNAPSHOT,NOT_EXECUTED_BY_THIS_PLAN
G72,Other Agricultural Products,G72-L01-B01,73c3c463-cea3-4d6c-b8e6-c96619fd4bae,AVTNPL,Other Agricultural Products,Consumer Services,AGRI_PROCESSING,,P7_IC1_AGRI_PROCESSING_METHODOLOGY_V1,False,True,,REVERIFY_ACTIVE_REVIEWED_ASSIGNMENT_BEFORE_EXECUTION,TARGETED_REFRESH_REQUIRED_NOT_INFERRED_FROM_OLD_SNAPSHOT,NOT_EXECUTED_BY_THIS_PLAN
G72,Other Agricultural Products,G72-L01-B01,0a967dcc-ec82-403b-a45f-aea133a54a93,LTFOODS,Other Agricultural Products,Fast Moving Consumer Goods,AGRI_PROCESSING,,P7_IC1_AGRI_PROCESSING_METHODOLOGY_V1,False,False,,REVERIFY_ACTIVE_REVIEWED_ASSIGNMENT_BEFORE_EXECUTION,TARGETED_REFRESH_REQUIRED_NOT_INFERRED_FROM_OLD_SNAPSHOT,NOT_EXECUTED_BY_THIS_PLAN
G73,Petroleum Products,G73-L01-B01,6da221fa-e3d8-449f-870f-c7362aea7749,PANAMAPET,Petroleum Products,Oil Gas & Consumable Fuels,INTEGRATED_REFINING_PETCHEM,,OIL_GAS_V1_K4B_SCORING_V1,False,False,,REVERIFY_ACTIVE_REVIEWED_ASSIGNMENT_BEFORE_EXECUTION,TARGETED_REFRESH_REQUIRED_NOT_INFERRED_FROM_OLD_SNAPSHOT,NOT_EXECUTED_BY_THIS_PLAN
G74,Plastic Products - Consumer,G74-L01-B01,efcd3bc5-2369-4f91-807e-742049b63e24,SHAILY,Plastic Products - Consumer,Consumer Durables,CONSUMER_DURABLES,,P7_IC1_CONSUMER_DURABLES_METHODOLOGY_V1,False,False,,REVERIFY_ACTIVE_REVIEWED_ASSIGNMENT_BEFORE_EXECUTION,TARGETED_REFRESH_REQUIRED_NOT_INFERRED_FROM_OLD_SNAPSHOT,NOT_EXECUTED_BY_THIS_PLAN
G75,Power - Electric Utilities,G75-L01-B01,fa19b88f-9974-443d-a500-33dcd990a7ad,TATAPOWER,Power - Electric Utilities,Power,GENERATION_INTEGRATED_UTILITY,,POWER_RENEWABLES_V1_K4B_SCORING_V1,False,False,,REVERIFY_ACTIVE_REVIEWED_ASSIGNMENT_BEFORE_EXECUTION,TARGETED_REFRESH_REQUIRED_NOT_INFERRED_FROM_OLD_SNAPSHOT,NOT_EXECUTED_BY_THIS_PLAN
G76,Power - Transmission,G76-L01-B01,bd23e8c3-1c00-4dab-8610-f12e1e0f26e3,POWERGRID,Power - Transmission,Power,REGULATED_NETWORK,,POWER_RENEWABLES_V1_K4B_SCORING_V1,False,False,,REVERIFY_ACTIVE_REVIEWED_ASSIGNMENT_BEFORE_EXECUTION,TARGETED_REFRESH_REQUIRED_NOT_INFERRED_FROM_OLD_SNAPSHOT,NOT_EXECUTED_BY_THIS_PLAN
G77,"Residential, Commercial Projects",G77-L01-B01,1dc1f881-96ec-459f-a406-404b2014e125,PHOENIXLTD,"Residential, Commercial Projects",Realty,REAL_ESTATE_DEVELOPER,,P7_IC1_REAL_ESTATE_DEVELOPER_METHODOLOGY_V1,False,False,,REVERIFY_ACTIVE_REVIEWED_ASSIGNMENT_BEFORE_EXECUTION,TARGETED_REFRESH_REQUIRED_NOT_INFERRED_FROM_OLD_SNAPSHOT,NOT_EXECUTED_BY_THIS_PLAN
G78,Shipping,G78-L01-B01,0dde9c0f-4bfe-463c-9a21-3712868f98d3,GESHIP,Shipping,Ship Building,SHIPPING,,P7_IC1_SHIPPING_METHODOLOGY_V1,False,True,,REVERIFY_ACTIVE_REVIEWED_ASSIGNMENT_BEFORE_EXECUTION,TARGETED_REFRESH_REQUIRED_NOT_INFERRED_FROM_OLD_SNAPSHOT,NOT_EXECUTED_BY_THIS_PLAN
G79,Stockbroking & Allied,G79-L01-B01,86bd087c-8fe1-45da-9ff9-04036a500da5,ANGELONE,Stockbroking & Allied,Financial Services,CAPITAL_MARKETS_AMC,,FIN_SERVICES_NON_LENDER_K4B_SCORING_V1,False,True,,REVERIFY_ACTIVE_REVIEWED_ASSIGNMENT_BEFORE_EXECUTION,TARGETED_REFRESH_REQUIRED_NOT_INFERRED_FROM_OLD_SNAPSHOT,NOT_EXECUTED_BY_THIS_PLAN
G79,Stockbroking & Allied,G79-L01-B01,ba228714-f7a2-4ff5-97ff-9dfda103ea06,GROWW,Stockbroking & Allied,Financial Services,CAPITAL_MARKETS_AMC,,FIN_SERVICES_NON_LENDER_K4B_SCORING_V1,False,True,,REVERIFY_ACTIVE_REVIEWED_ASSIGNMENT_BEFORE_EXECUTION,TARGETED_REFRESH_REQUIRED_NOT_INFERRED_FROM_OLD_SNAPSHOT,NOT_EXECUTED_BY_THIS_PLAN
G80,Telecom Services,G80-L01-B01,b5aefac8-52bb-45b0-b9d0-87c9aad7c3a0,BHARTIARTL,Telecom Services,Telecommunication,TELECOM_OPERATOR,,P7_IC1_TELECOM_OPERATOR_METHODOLOGY_V1,False,True,,REVERIFY_ACTIVE_REVIEWED_ASSIGNMENT_BEFORE_EXECUTION,TARGETED_REFRESH_REQUIRED_NOT_INFERRED_FROM_OLD_SNAPSHOT,NOT_EXECUTED_BY_THIS_PLAN
G81,Waste Management,G81-L01-B01,bff07007-d776-4803-8513-aa61e59a74fd,AWHCL,Waste Management,Waste Managment,ENVIRONMENTAL_SERVICES,,P7_IC1_ENVIRONMENTAL_SERVICES_METHODOLOGY_V1,False,True,,REVERIFY_ACTIVE_REVIEWED_ASSIGNMENT_BEFORE_EXECUTION,TARGETED_REFRESH_REQUIRED_NOT_INFERRED_FROM_OLD_SNAPSHOT,NOT_EXECUTED_BY_THIS_PLAN
G81,Waste Management,G81-L01-B01,04e452f8-8461-4655-a4e3-5c9c13a07694,EMSLIMITED,Waste Management,Waste Managment,ENVIRONMENTAL_SERVICES,,P7_IC1_ENVIRONMENTAL_SERVICES_METHODOLOGY_V1,False,True,,REVERIFY_ACTIVE_REVIEWED_ASSIGNMENT_BEFORE_EXECUTION,TARGETED_REFRESH_REQUIRED_NOT_INFERRED_FROM_OLD_SNAPSHOT,NOT_EXECUTED_BY_THIS_PLAN
